Try	Factoidal
1	7
2	9
3	6
4	5
5	8
6	9
7	1
8	3
9	1
10	7
11	7
12	10
13	11
14	8
15	1
16	4
17	1
18	8
19	11
20	4
21	4
22	1
23	9
24	8
25	3
26	14
27	6
28	4
29	3
30	5
31	6
32	15
33	10
34	9
35	3
36	10
37	3
38	3
39	6
40	7
41	6
42	7
43	16
44	6
45	6
46	1
47	11
48	9
49	6
50	8
51	12
52	7
53	1
54	3
55	1
56	4
57	8
58	3
59	12
60	7
61	1
62	6
63	14
64	3
65	1
66	7
67	4
68	6
69	6
70	1
71	8
72	1
73	13
74	5
75	3
76	11
77	3
78	6
79	3
80	8
81	6
82	3
83	1
84	6
85	5
86	4
87	6
88	4
89	1
90	11
91	4
92	8
93	6
94	12
95	1
96	5
97	4
98	10
99	1
100	3
101	16
102	6
103	12
104	7
105	1
106	11
107	7
108	10
109	5
110	6
111	6
112	6
113	10
114	6
115	7
116	3
117	1
118	9
119	1
120	6
121	3
122	5
123	10
124	7
125	4
126	7
127	6
128	3
129	3
130	6
131	3
132	8
133	3
134	4
135	5
136	3
137	6
138	1
139	3
140	1
141	7
142	7
143	13
144	16
145	4
146	1
147	3
148	14
149	1
150	7
151	15
152	3
153	12
154	6
155	6
156	1
157	18
158	6
159	4
160	3
161	3
162	5
163	11
164	1
165	3
166	6
167	6
168	9
169	6
170	3
171	10
172	7
173	7
174	3
175	6
176	8
177	4
178	5
179	1
180	8
181	7
182	8
183	7
184	4
185	6
186	4
187	1
188	8
189	3
190	4
191	3
192	4
193	8
194	10
195	16
196	3
197	1
198	6
199	7
200	10
201	4
202	1
203	4
204	5
205	4
206	7
207	7
208	3
209	9
210	1
211	1
212	1
213	1
214	7
215	3
216	7
217	3
218	7
219	1
220	9
221	10
222	3
223	4
224	11
225	3
226	4
227	8
228	3
229	5
230	3
231	6
232	4
233	12
234	15
235	6
236	12
237	1
238	4
239	10
240	5
241	4
242	4
243	10
244	7
245	6
246	8
247	6
248	4
249	1
250	1
251	1
252	10
253	12
254	7
255	10
256	11
257	10
258	1
259	10
260	14
261	8
262	11
263	3
264	10
265	3
266	1
267	15
268	4
269	3
270	3
271	3
272	7
273	16
274	1
275	1
276	1
277	1
278	7
279	3
280	8
281	10
282	3
283	1
284	6
285	1
286	4
287	8
288	11
289	8
290	12
291	3
292	15
293	9
294	4
295	11
296	3
297	5
298	6
299	4
300	3
301	10
302	5
303	3
304	5
305	9
306	7
307	6
308	9
309	3
310	3
311	4
312	15
313	5
314	5
315	9
316	16
317	6
318	1
319	3
320	5
321	3
322	3
323	8
324	7
325	5
326	3
327	6
328	1
329	3
330	9
331	6
332	4
333	7
334	3
335	1
336	1
337	4
338	3
339	3
340	6
341	6
342	3
343	10
344	7
345	1
346	10
347	7
348	14
349	3
350	3
351	7
352	5
353	1
354	4
355	1
356	8
357	3
358	1
359	6
360	7
361	4
362	3
363	6
364	14
365	3
366	1
367	13
368	3
369	1
370	1
371	9
372	6
373	8
374	7
375	1
376	1
377	7
378	9
379	11
380	9
381	11
382	1
383	1
384	12
385	3
386	9
387	12
388	4
389	14
390	1
391	12
392	10
393	3
394	12
395	18
396	3
397	9
398	8
399	6
400	3
401	7
402	4
403	13
404	1
405	6
406	3
407	16
408	7
409	1
410	1
411	6
412	5
413	3
414	6
415	10
416	10
417	3
418	3
419	5
420	1
421	13
422	1
423	11
424	6
425	1
426	1
427	1
428	5
429	4
430	7
431	11
432	8
433	1
434	3
435	9
436	1
437	12
438	10
439	3
440	7
441	14
442	9
443	9
444	3
445	16
446	5
447	8
448	7
449	1
450	13
451	7
452	5
453	7
454	6
455	9
456	7
457	10
458	9
459	5
460	7
461	9
462	6
463	1
464	3
465	1
466	12
467	4
468	11
469	5
470	4
471	6
472	3
473	11
474	11
475	1
476	12
477	13
478	7
479	7
480	9
481	7
482	1
483	5
484	1
485	8
486	3
487	3
488	4
489	8
490	6
491	14
492	12
493	13
494	10
495	1
496	1
497	1
498	5
499	13
500	1
501	6
502	3
503	4
504	8
505	3
506	6
507	3
508	3
509	3
510	13
511	6
512	10
513	1
514	3
515	3
516	1
517	1
518	8
519	1
520	11
521	8
522	6
523	1
524	1
525	3
526	9
527	10
528	7
529	3
530	17
531	12
532	10
533	1
534	5
535	6
536	5
537	13
538	7
539	1
540	3
541	9
542	14
543	7
544	10
545	4
546	4
547	7
548	6
549	12
550	4
551	3
552	1
553	5
554	6
555	9
556	3
557	10
558	12
559	3
560	3
561	7
562	7
563	18
564	7
565	4
566	1
567	3
568	11
569	1
570	14
571	3
572	9
573	3
574	6
575	6
576	5
577	1
578	12
579	1
580	3
581	8
582	13
583	4
584	9
585	5
586	6
587	3
588	1
589	13
590	1
591	9
592	3
593	6
594	3
595	8
596	1
597	14
598	1
599	1
600	5
601	7
602	13
603	1
604	3
605	3
606	1
607	1
608	4
609	7
610	4
611	1
612	3
613	16
614	17
615	5
616	1
617	6
618	4
619	6
620	4
621	6
622	3
623	9
624	1
625	1
626	8
627	1
628	7
629	10
630	7
631	7
632	8
633	8
634	3
635	14
636	15
637	7
638	3
639	6
640	9
641	1
642	3
643	8
644	6
645	5
646	5
647	3
648	10
649	6
650	5
651	10
652	9
653	1
654	7
655	4
656	8
657	3
658	8
659	8
660	12
661	1
662	6
663	3
664	5
665	8
666	7
667	4
668	11
669	4
670	8
671	9
672	5
673	4
674	3
675	7
676	1
677	4
678	8
679	4
680	6
681	3
682	3
683	10
684	1
685	1
686	7
687	11
688	7
689	8
690	9
691	6
692	1
693	9
694	6
695	7
696	10
697	1
698	4
699	7
700	1
701	7
702	7
703	6
704	9
705	1
706	1
707	12
708	1
709	13
710	5
711	3
712	12
713	6
714	8
715	9
716	4
717	11
718	4
719	4
720	7
721	1
722	8
723	1
724	21
725	12
726	9
727	10
728	4
729	11
730	1
731	6
732	6
733	1
734	8
735	3
736	15
737	3
738	1
739	10
740	7
741	1
742	6
743	3
744	1
745	5
746	12
747	10
748	12
749	12
750	3
751	8
752	6
753	9
754	14
755	16
756	1
757	1
758	1
759	4
760	1
761	7
762	7
763	4
764	8
765	6
766	3
767	6
768	10
769	4
770	11
771	7
772	7
773	8
774	1
775	7
776	8
777	6
778	9
779	1
780	3
781	3
782	3
783	3
784	3
785	9
786	7
787	3
788	8
789	6
790	12
791	1
792	3
793	7
794	1
795	1
796	12
797	15
798	1
799	1
800	6
801	1
802	6
803	1
804	3
805	11
806	10
807	3
808	6
809	6
810	14
811	3
812	1
813	3
814	9
815	6
816	6
817	12
818	8
819	8
820	1
821	9
822	6
823	6
824	10
825	3
826	1
827	4
828	7
829	8
830	16
831	10
832	1
833	9
834	5
835	1
836	9
837	11
838	3
839	10
840	6
841	6
842	6
843	1
844	7
845	1
846	1
847	10
848	10
849	4
850	5
851	5
852	15
853	3
854	3
855	9
856	3
857	4
858	5
859	4
860	1
861	4
862	5
863	12
864	5
865	1
866	7
867	1
868	16
869	1
870	4
871	5
872	1
873	6
874	1
875	4
876	9
877	4
878	10
879	10
880	9
881	5
882	1
883	7
884	1
885	7
886	5
887	4
888	3
889	4
890	5
891	6
892	4
893	11
894	10
895	1
896	13
897	7
898	6
899	7
900	1
901	4
902	3
903	3
904	16
905	3
906	5
907	1
908	3
909	7
910	4
911	9
912	8
913	8
914	5
915	9
916	1
917	3
918	1
919	12
920	3
921	1
922	6
923	1
924	11
925	9
926	3
927	8
928	3
929	10
930	3
931	6
932	6
933	6
934	14
935	9
936	7
937	3
938	9
939	9
940	14
941	10
942	4
943	1
944	7
945	7
946	10
947	4
948	8
949	6
950	5
951	13
952	7
953	6
954	9
955	3
956	15
957	10
958	6
959	7
960	12
961	3
962	6
963	1
964	3
965	3
966	12
967	15
968	7
969	15
970	7
971	3
972	1
973	5
974	6
975	1
976	1
977	1
978	8
979	1
980	1
981	1
982	5
983	3
984	1
985	1
986	7
987	8
988	6
989	1
990	7
991	8
992	8
993	6
994	3
995	3
996	3
997	8
998	8
999	6
1000	9
1001	1
1002	3
1003	13
1004	15
1005	4
1006	1
1007	12
1008	3
1009	13
1010	10
1011	3
1012	1
1013	3
1014	1
1015	10
1016	12
1017	10
1018	3
1019	1
1020	4
1021	15
1022	3
1023	1
1024	1
1025	14
1026	3
1027	3
1028	14
1029	4
1030	6
1031	4
1032	4
1033	3
1034	18
1035	3
1036	8
1037	9
1038	10
1039	4
1040	10
1041	6
1042	3
1043	3
1044	6
1045	3
1046	9
1047	1
1048	4
1049	12
1050	6
1051	4
1052	5
1053	1
1054	7
1055	1
1056	7
1057	8
1058	6
1059	7
1060	11
1061	3
1062	9
1063	21
1064	12
1065	4
1066	13
1067	3
1068	3
1069	8
1070	4
1071	1
1072	7
1073	10
1074	1
1075	3
1076	8
1077	3
1078	6
1079	1
1080	7
1081	1
1082	3
1083	6
1084	1
1085	9
1086	9
1087	1
1088	1
1089	11
1090	9
1091	7
1092	4
1093	8
1094	4
1095	16
1096	8
1097	11
1098	6
1099	4
1100	3
1101	3
1102	12
1103	1
1104	7
1105	13
1106	1
1107	1
1108	1
1109	4
1110	4
1111	10
1112	5
1113	10
1114	5
1115	1
1116	4
1117	4
1118	3
1119	13
1120	3
1121	6
1122	6
1123	6
1124	4
1125	1
1126	4
1127	7
1128	9
1129	9
1130	10
1131	3
1132	8
1133	3
1134	7
1135	7
1136	3
1137	11
1138	6
1139	6
1140	6
1141	6
1142	3
1143	10
1144	14
1145	7
1146	5
1147	7
1148	6
1149	4
1150	3
1151	8
1152	6
1153	1
1154	1
1155	3
1156	5
1157	3
1158	8
1159	1
1160	9
1161	1
1162	1
1163	4
1164	8
1165	1
1166	8
1167	12
1168	5
1169	4
1170	10
1171	1
1172	6
1173	1
1174	4
1175	3
1176	1
1177	8
1178	1
1179	12
1180	1
1181	1
1182	1
1183	3
1184	6
1185	8
1186	1
1187	10
1188	6
1189	7
1190	8
1191	1
1192	6
1193	11
1194	12
1195	3
1196	1
1197	5
1198	6
1199	13
1200	3
1201	1
1202	10
1203	8
1204	6
1205	1
1206	3
1207	9
1208	8
1209	1
1210	3
1211	3
1212	1
1213	9
1214	13
1215	9
1216	4
1217	9
1218	1
1219	7
1220	8
1221	11
1222	5
1223	15
1224	10
1225	7
1226	1
1227	12
1228	8
1229	7
1230	10
1231	9
1232	3
1233	3
1234	6
1235	1
1236	1
1237	1
1238	7
1239	7
1240	8
1241	1
1242	7
1243	8
1244	7
1245	1
1246	4
1247	1
1248	3
1249	4
1250	3
1251	12
1252	1
1253	1
1254	10
1255	7
1256	5
1257	6
1258	5
1259	9
1260	3
1261	6
1262	1
1263	4
1264	21
1265	1
1266	12
1267	10
1268	1
1269	4
1270	4
1271	9
1272	7
1273	1
1274	4
1275	3
1276	1
1277	9
1278	7
1279	4
1280	7
1281	3
1282	8
1283	1
1284	8
1285	6
1286	14
1287	1
1288	1
1289	5
1290	1
1291	1
1292	5
1293	1
1294	10
1295	4
1296	1
1297	3
1298	10
1299	1
1300	1
1301	3
1302	1
1303	3
1304	4
1305	6
1306	6
1307	11
1308	11
1309	3
1310	7
1311	3
1312	7
1313	4
1314	6
1315	12
1316	9
1317	8
1318	9
1319	7
1320	8
1321	6
1322	1
1323	4
1324	5
1325	1
1326	3
1327	1
1328	3
1329	6
1330	4
1331	3
1332	7
1333	1
1334	3
1335	11
1336	6
1337	1
1338	1
1339	7
1340	12
1341	6
1342	3
1343	8
1344	1
1345	1
1346	10
1347	10
1348	3
1349	6
1350	3
1351	5
1352	11
1353	1
1354	6
1355	1
1356	9
1357	4
1358	8
1359	3
1360	1
1361	10
1362	3
1363	5
1364	6
1365	6
1366	6
1367	9
1368	12
1369	5
1370	6
1371	6
1372	1
1373	8
1374	9
1375	6
1376	13
1377	4
1378	1
1379	13
1380	13
1381	6
1382	3
1383	8
1384	10
1385	1
1386	9
1387	1
1388	8
1389	10
1390	15
1391	4
1392	5
1393	7
1394	3
1395	5
1396	7
1397	7
1398	3
1399	8
1400	4
1401	10
1402	19
1403	13
1404	3
1405	8
1406	1
1407	6
1408	10
1409	8
1410	8
1411	7
1412	8
1413	5
1414	4
1415	1
1416	4
1417	3
1418	8
1419	5
1420	3
1421	4
1422	6
1423	1
1424	10
1425	7
1426	9
1427	6
1428	13
1429	6
1430	11
1431	4
1432	6
1433	5
1434	6
1435	7
1436	3
1437	3
1438	4
1439	8
1440	5
1441	3
1442	1
1443	10
1444	7
1445	6
1446	12
1447	3
1448	9
1449	4
1450	7
1451	3
1452	10
1453	1
1454	7
1455	7
1456	6
1457	7
1458	4
1459	9
1460	1
1461	7
1462	16
1463	6
1464	8
1465	1
1466	14
1467	3
1468	1
1469	1
1470	7
1471	6
1472	3
1473	11
1474	8
1475	4
1476	6
1477	7
1478	7
1479	16
1480	9
1481	5
1482	5
1483	12
1484	9
1485	7
1486	5
1487	1
1488	3
1489	3
1490	12
1491	10
1492	7
1493	6
1494	5
1495	6
1496	4
1497	1
1498	3
1499	7
1500	3
1501	9
1502	12
1503	6
1504	7
1505	8
1506	5
1507	3
1508	6
1509	5
1510	12
1511	7
1512	1
1513	14
1514	1
1515	8
1516	4
1517	7
1518	3
1519	18
1520	1
1521	7
1522	3
1523	4
1524	5
1525	3
1526	1
1527	8
1528	13
1529	7
1530	12
1531	1
1532	5
1533	12
1534	12
1535	1
1536	7
1537	3
1538	4
1539	7
1540	9
1541	3
1542	3
1543	1
1544	3
1545	11
1546	6
1547	1
1548	7
1549	3
1550	3
1551	9
1552	6
1553	8
1554	15
1555	3
1556	7
1557	9
1558	9
1559	6
1560	18
1561	7
1562	10
1563	8
1564	7
1565	16
1566	1
1567	7
1568	1
1569	1
1570	6
1571	10
1572	5
1573	13
1574	10
1575	6
1576	3
1577	5
1578	7
1579	1
1580	7
1581	1
1582	5
1583	6
1584	8
1585	8
1586	3
1587	11
1588	4
1589	7
1590	6
1591	6
1592	3
1593	8
1594	7
1595	3
1596	6
1597	5
1598	9
1599	6
1600	3
1601	8
1602	13
1603	8
1604	4
1605	1
1606	7
1607	6
1608	6
1609	5
1610	3
1611	9
1612	6
1613	6
1614	13
1615	8
1616	3
1617	1
1618	3
1619	1
1620	6
1621	10
1622	6
1623	7
1624	10
1625	3
1626	8
1627	7
1628	3
1629	4
1630	1
1631	6
1632	4
1633	9
1634	10
1635	3
1636	3
1637	1
1638	12
1639	7
1640	7
1641	7
1642	12
1643	1
1644	3
1645	4
1646	15
1647	3
1648	9
1649	8
1650	4
1651	6
1652	3
1653	1
1654	9
1655	8
1656	3
1657	6
1658	1
1659	3
1660	5
1661	3
1662	7
1663	8
1664	6
1665	4
1666	4
1667	6
1668	1
1669	3
1670	1
1671	5
1672	6
1673	15
1674	8
1675	4
1676	12
1677	6
1678	8
1679	1
1680	6
1681	3
1682	3
1683	5
1684	1
1685	4
1686	14
1687	7
1688	6
1689	8
1690	3
1691	1
1692	5
1693	4
1694	3
1695	13
1696	1
1697	4
1698	5
1699	10
1700	3
1701	4
1702	21
1703	8
1704	1
1705	4
1706	3
1707	6
1708	7
1709	6
1710	3
1711	7
1712	6
1713	7
1714	8
1715	3
1716	1
1717	8
1718	8
1719	7
1720	5
1721	1
1722	7
1723	1
1724	6
1725	11
1726	6
1727	5
1728	3
1729	9
1730	7
1731	4
1732	12
1733	12
1734	12
1735	8
1736	12
1737	7
1738	13
1739	11
1740	1
1741	11
1742	5
1743	14
1744	10
1745	4
1746	9
1747	6
1748	1
1749	8
1750	7
1751	7
1752	8
1753	8
1754	1
1755	1
1756	11
1757	3
1758	5
1759	6
1760	7
1761	6
1762	7
1763	3
1764	3
1765	6
1766	8
1767	7
1768	17
1769	7
1770	10
1771	3
1772	1
1773	10
1774	1
1775	11
1776	1
1777	6
1778	3
1779	1
1780	1
1781	4
1782	11
1783	11
1784	3
1785	5
1786	8
1787	3
1788	12
1789	1
1790	1
1791	10
1792	7
1793	6
1794	1
1795	3
1796	3
1797	6
1798	12
1799	7
1800	9
1801	1
1802	3
1803	6
1804	7
1805	3
1806	1
1807	3
1808	10
1809	7
1810	11
1811	3
1812	10
1813	7
1814	3
1815	1
1816	1
1817	6
1818	9
1819	1
1820	3
1821	3
1822	3
1823	1
1824	7
1825	3
1826	3
1827	6
1828	11
1829	3
1830	7
1831	8
1832	6
1833	17
1834	3
1835	3
1836	4
1837	4
1838	12
1839	6
1840	15
1841	1
1842	1
1843	4
1844	1
1845	12
1846	11
1847	6
1848	7
1849	6
1850	3
1851	3
1852	3
1853	6
1854	1
1855	10
1856	12
1857	10
1858	11
1859	1
1860	9
1861	3
1862	7
1863	6
1864	6
1865	6
1866	8
1867	4
1868	7
1869	12
1870	3
1871	5
1872	3
1873	3
1874	10
1875	3
1876	7
1877	5
1878	1
1879	16
1880	11
1881	11
1882	1
1883	9
1884	7
1885	3
1886	7
1887	3
1888	15
1889	1
1890	3
1891	1
1892	1
1893	12
1894	7
1895	4
1896	6
1897	10
1898	6
1899	12
1900	1
1901	3
1902	11
1903	8
1904	3
1905	1
1906	14
1907	1
1908	8
1909	10
1910	4
1911	3
1912	6
1913	5
1914	12
1915	3
1916	10
1917	1
1918	15
1919	1
1920	3
1921	6
1922	1
1923	3
1924	3
1925	4
1926	3
1927	13
1928	8
1929	3
1930	6
1931	3
1932	11
1933	8
1934	7
1935	1
1936	14
1937	3
1938	1
1939	3
1940	5
1941	10
1942	10
1943	7
1944	13
1945	3
1946	10
1947	1
1948	3
1949	9
1950	6
1951	1
1952	1
1953	16
1954	6
1955	11
1956	11
1957	10
1958	3
1959	3
1960	1
1961	5
1962	4
1963	10
1964	8
1965	8
1966	3
1967	6
1968	4
1969	10
1970	3
1971	3
1972	4
1973	1
1974	3
1975	1
1976	7
1977	1
1978	7
1979	8
1980	1
1981	9
1982	7
1983	1
1984	12
1985	10
1986	1
1987	1
1988	8
1989	4
1990	6
1991	10
1992	1
1993	10
1994	6
1995	4
1996	8
1997	10
1998	6
1999	7
2000	10
2001	7
2002	14
2003	3
2004	7
2005	13
2006	6
2007	10
2008	10
2009	11
2010	8
2011	6
2012	7
2013	3
2014	3
2015	3
2016	6
2017	10
2018	6
2019	3
2020	5
2021	6
2022	3
2023	3
2024	14
2025	5
2026	7
2027	1
2028	3
2029	1
2030	7
2031	3
2032	4
2033	11
2034	1
2035	4
2036	13
2037	1
2038	1
2039	13
2040	7
2041	6
2042	6
2043	3
2044	4
2045	3
2046	1
2047	3
2048	3
2049	10
2050	3
2051	14
2052	3
2053	4
2054	6
2055	7
2056	10
2057	11
2058	12
2059	14
2060	4
2061	3
2062	6
2063	3
2064	1
2065	8
2066	10
2067	7
2068	7
2069	6
2070	10
2071	8
2072	5
2073	15
2074	11
2075	3
2076	18
2077	1
2078	4
2079	6
2080	17
2081	6
2082	1
2083	1
2084	3
2085	3
2086	8
2087	1
2088	3
2089	9
2090	7
2091	12
2092	10
2093	4
2094	1
2095	1
2096	13
2097	10
2098	3
2099	3
2100	9
2101	8
2102	7
2103	9
2104	7
2105	5
2106	1
2107	6
2108	8
2109	8
2110	6
2111	6
2112	4
2113	10
2114	7
2115	3
2116	4
2117	1
2118	7
2119	8
2120	8
2121	4
2122	7
2123	10
2124	6
2125	13
2126	8
2127	8
2128	6
2129	1
2130	1
2131	1
2132	7
2133	8
2134	10
2135	1
2136	5
2137	3
2138	8
2139	6
2140	1
2141	1
2142	3
2143	12
2144	1
2145	5
2146	6
2147	3
2148	1
2149	7
2150	1
2151	1
2152	1
2153	1
2154	9
2155	3
2156	7
2157	9
2158	11
2159	7
2160	3
2161	3
2162	9
2163	1
2164	14
2165	13
2166	9
2167	13
2168	6
2169	1
2170	1
2171	13
2172	3
2173	7
2174	6
2175	1
2176	4
2177	5
2178	10
2179	3
2180	11
2181	10
2182	13
2183	9
2184	8
2185	3
2186	10
2187	3
2188	4
2189	6
2190	10
2191	3
2192	1
2193	3
2194	3
2195	7
2196	8
2197	8
2198	5
2199	3
2200	4
2201	3
2202	12
2203	8
2204	3
2205	6
2206	8
2207	9
2208	4
2209	1
2210	1
2211	10
2212	7
2213	6
2214	7
2215	7
2216	8
2217	10
2218	5
2219	5
2220	9
2221	3
2222	12
2223	1
2224	6
2225	7
2226	6
2227	8
2228	8
2229	9
2230	7
2231	7
2232	1
2233	8
2234	9
2235	10
2236	18
2237	6
2238	7
2239	1
2240	10
2241	4
2242	14
2243	8
2244	1
2245	1
2246	11
2247	6
2248	10
2249	7
2250	3
2251	1
2252	7
2253	7
2254	8
2255	11
2256	1
2257	3
2258	3
2259	1
2260	1
2261	5
2262	14
2263	10
2264	6
2265	3
2266	11
2267	4
2268	8
2269	3
2270	5
2271	9
2272	12
2273	3
2274	3
2275	9
2276	3
2277	9
2278	10
2279	4
2280	4
2281	1
2282	16
2283	4
2284	4
2285	9
2286	9
2287	3
2288	7
2289	6
2290	3
2291	9
2292	6
2293	5
2294	9
2295	9
2296	6
2297	9
2298	10
2299	4
2300	5
2301	5
2302	6
2303	1
2304	3
2305	10
2306	7
2307	11
2308	5
2309	4
2310	7
2311	17
2312	5
2313	10
2314	9
2315	7
2316	8
2317	1
2318	3
2319	6
2320	4
2321	15
2322	8
2323	1
2324	3
2325	13
2326	1
2327	1
2328	6
2329	6
2330	8
2331	14
2332	9
2333	6
2334	10
2335	6
2336	6
2337	3
2338	15
2339	1
2340	1
2341	4
2342	1
2343	7
2344	12
2345	3
2346	10
2347	1
2348	1
2349	6
2350	8
2351	5
2352	6
2353	1
2354	6
2355	5
2356	6
2357	12
2358	10
2359	1
2360	1
2361	6
2362	7
2363	10
2364	4
2365	6
2366	4
2367	8
2368	3
2369	3
2370	1
2371	1
2372	7
2373	13
2374	5
2375	5
2376	12
2377	1
2378	7
2379	10
2380	3
2381	9
2382	8
2383	3
2384	14
2385	6
2386	3
2387	7
2388	1
2389	11
2390	3
2391	9
2392	3
2393	6
2394	7
2395	4
2396	5
2397	7
2398	9
2399	3
2400	12
2401	1
2402	7
2403	10
2404	1
2405	8
2406	13
2407	6
2408	3
2409	10
2410	12
2411	13
2412	4
2413	6
2414	11
2415	8
2416	5
2417	10
2418	8
2419	7
2420	11
2421	1
2422	4
2423	10
2424	10
2425	1
2426	3
2427	1
2428	11
2429	5
2430	5
2431	3
2432	1
2433	9
2434	6
2435	13
2436	8
2437	3
2438	13
2439	1
2440	4
2441	1
2442	7
2443	3
2444	1
2445	6
2446	1
2447	4
2448	4
2449	1
2450	3
2451	10
2452	1
2453	3
2454	6
2455	12
2456	1
2457	6
2458	6
2459	8
2460	8
2461	7
2462	1
2463	9
2464	5
2465	3
2466	14
2467	3
2468	7
2469	4
2470	9
2471	3
2472	7
2473	1
2474	6
2475	1
2476	1
2477	9
2478	1
2479	1
2480	3
2481	6
2482	3
2483	10
2484	1
2485	5
2486	3
2487	1
2488	1
2489	9
2490	12
2491	7
2492	18
2493	4
2494	6
2495	9
2496	3
2497	6
2498	1
2499	6
2500	5
2501	6
2502	1
2503	6
2504	7
2505	10
2506	10
2507	8
2508	3
2509	6
2510	6
2511	10
2512	14
2513	7
2514	10
2515	7
2516	7
2517	1
2518	11
2519	4
2520	12
2521	3
2522	11
2523	3
2524	5
2525	6
2526	9
2527	3
2528	7
2529	5
2530	4
2531	6
2532	4
2533	3
2534	9
2535	12
2536	3
2537	12
2538	6
2539	11
2540	1
2541	1
2542	1
2543	1
2544	6
2545	3
2546	6
2547	5
2548	4
2549	6
2550	1
2551	1
2552	10
2553	9
2554	6
2555	7
2556	7
2557	1
2558	12
2559	1
2560	1
2561	8
2562	5
2563	9
2564	12
2565	3
2566	13
2567	10
2568	7
2569	1
2570	1
2571	7
2572	11
2573	5
2574	3
2575	6
2576	7
2577	8
2578	8
2579	3
2580	6
2581	7
2582	11
2583	12
2584	6
2585	3
2586	6
2587	9
2588	5
2589	7
2590	1
2591	10
2592	6
2593	10
2594	1
2595	1
2596	17
2597	6
2598	8
2599	10
2600	6
2601	7
2602	6
2603	12
2604	5
2605	10
2606	14
2607	3
2608	9
2609	10
2610	1
2611	12
2612	1
2613	4
2614	3
2615	1
2616	6
2617	3
2618	12
2619	12
2620	6
2621	13
2622	7
2623	5
2624	1
2625	6
2626	6
2627	12
2628	1
2629	6
2630	7
2631	3
2632	11
2633	3
2634	4
2635	8
2636	6
2637	6
2638	4
2639	14
2640	6
2641	6
2642	3
2643	14
2644	1
2645	15
2646	8
2647	4
2648	1
2649	6
2650	9
2651	1
2652	14
2653	9
2654	11
2655	6
2656	14
2657	6
2658	14
2659	6
2660	6
2661	3
2662	10
2663	5
2664	7
2665	7
2666	1
2667	8
2668	1
2669	6
2670	9
2671	1
2672	14
2673	1
2674	3
2675	5
2676	8
2677	3
2678	3
2679	3
2680	11
2681	6
2682	1
2683	1
2684	5
2685	3
2686	4
2687	5
2688	7
2689	3
2690	16
2691	6
2692	4
2693	3
2694	11
2695	1
2696	3
2697	5
2698	5
2699	6
2700	1
2701	1
2702	4
2703	12
2704	9
2705	10
2706	7
2707	1
2708	5
2709	3
2710	6
2711	7
2712	1
2713	1
2714	19
2715	3
2716	1
2717	11
2718	3
2719	3
2720	4
2721	1
2722	12
2723	1
2724	4
2725	7
2726	6
2727	3
2728	11
2729	3
2730	6
2731	3
2732	3
2733	10
2734	6
2735	3
2736	12
2737	7
2738	14
2739	1
2740	6
2741	6
2742	7
2743	4
2744	3
2745	6
2746	6
2747	1
2748	3
2749	1
2750	1
2751	7
2752	8
2753	9
2754	1
2755	1
2756	5
2757	4
2758	4
2759	3
2760	11
2761	4
2762	10
2763	3
2764	6
2765	1
2766	7
2767	7
2768	3
2769	3
2770	11
2771	10
2772	6
2773	7
2774	1
2775	3
2776	6
2777	14
2778	6
2779	11
2780	3
2781	9
2782	9
2783	10
2784	4
2785	1
2786	3
2787	1
2788	12
2789	15
2790	3
2791	6
2792	7
2793	3
2794	12
2795	17
2796	6
2797	11
2798	5
2799	6
2800	3
2801	12
2802	3
2803	1
2804	10
2805	9
2806	7
2807	7
2808	3
2809	10
2810	15
2811	4
2812	8
2813	6
2814	18
2815	9
2816	9
2817	1
2818	4
2819	1
2820	4
2821	3
2822	6
2823	6
2824	7
2825	7
2826	4
2827	3
2828	4
2829	3
2830	8
2831	6
2832	6
2833	12
2834	7
2835	3
2836	6
2837	3
2838	4
2839	8
2840	4
2841	12
2842	10
2843	1
2844	6
2845	6
2846	3
2847	5
2848	3
2849	6
2850	3
2851	12
2852	6
2853	11
2854	13
2855	6
2856	1
2857	1
2858	11
2859	18
2860	1
2861	1
2862	7
2863	3
2864	11
2865	5
2866	15
2867	4
2868	11
2869	4
2870	9
2871	6
2872	6
2873	8
2874	3
2875	6
2876	9
2877	7
2878	10
2879	3
2880	3
2881	1
2882	4
2883	17
2884	10
2885	5
2886	9
2887	6
2888	1
2889	8
2890	4
2891	11
2892	8
2893	3
2894	4
2895	8
2896	6
2897	7
2898	8
2899	7
2900	3
2901	12
2902	6
2903	6
2904	9
2905	11
2906	6
2907	3
2908	8
2909	6
2910	1
2911	17
2912	7
2913	9
2914	12
2915	6
2916	4
2917	11
2918	1
2919	3
2920	12
2921	6
2922	8
2923	3
2924	3
2925	9
2926	8
2927	3
2928	10
2929	9
2930	4
2931	5
2932	5
2933	10
2934	5
2935	5
2936	10
2937	12
2938	3
2939	9
2940	4
2941	1
2942	1
2943	10
2944	5
2945	8
2946	6
2947	1
2948	6
2949	4
2950	3
2951	9
2952	3
2953	3
2954	9
2955	6
2956	4
2957	1
2958	8
2959	7
2960	3
2961	12
2962	11
2963	14
2964	6
2965	6
2966	6
2967	17
2968	8
2969	6
2970	1
2971	4
2972	3
2973	3
2974	5
2975	14
2976	9
2977	6
2978	9
2979	10
2980	4
2981	5
2982	10
2983	7
2984	3
2985	6
2986	1
2987	8
2988	3
2989	8
2990	7
2991	6
2992	6
2993	3
2994	5
2995	11
2996	1
2997	12
2998	9
2999	1
3000	11
3001	8
3002	10
3003	12
3004	10
3005	3
3006	15
3007	3
3008	5
3009	7
3010	8
3011	3
3012	9
3013	6
3014	3
3015	8
3016	3
3017	1
3018	3
3019	9
3020	7
3021	1
3022	7
3023	6
3024	3
3025	15
3026	1
3027	12
3028	14
3029	3
3030	4
3031	1
3032	8
3033	3
3034	10
3035	8
3036	4
3037	12
3038	3
3039	1
3040	3
3041	3
3042	10
3043	8
3044	7
3045	6
3046	3
3047	3
3048	8
3049	4
3050	15
3051	1
3052	14
3053	9
3054	1
3055	10
3056	3
3057	4
3058	6
3059	9
3060	13
3061	6
3062	4
3063	1
3064	8
3065	3
3066	11
3067	6
3068	9
3069	1
3070	7
3071	9
3072	10
3073	3
3074	14
3075	3
3076	6
3077	5
3078	1
3079	7
3080	1
3081	9
3082	6
3083	1
3084	4
3085	5
3086	4
3087	12
3088	5
3089	11
3090	6
3091	1
3092	8
3093	3
3094	10
3095	1
3096	4
3097	3
3098	8
3099	3
3100	3
3101	3
3102	3
3103	6
3104	1
3105	1
3106	3
3107	5
3108	7
3109	1
3110	12
3111	1
3112	1
3113	3
3114	1
3115	3
3116	4
3117	6
3118	6
3119	3
3120	3
3121	3
3122	5
3123	6
3124	3
3125	3
3126	1
3127	3
3128	10
3129	12
3130	4
3131	3
3132	3
3133	1
3134	3
3135	9
3136	14
3137	7
3138	15
3139	4
3140	5
3141	7
3142	6
3143	3
3144	8
3145	1
3146	7
3147	9
3148	4
3149	1
3150	1
3151	7
3152	4
3153	1
3154	6
3155	12
3156	6
3157	4
3158	1
3159	3
3160	1
3161	11
3162	15
3163	4
3164	3
3165	6
3166	1
3167	3
3168	3
3169	6
3170	6
3171	13
3172	1
3173	7
3174	3
3175	3
3176	3
3177	15
3178	5
3179	3
3180	3
3181	8
3182	4
3183	1
3184	1
3185	1
3186	3
3187	6
3188	3
3189	7
3190	21
3191	1
3192	6
3193	3
3194	1
3195	6
3196	3
3197	5
3198	1
3199	1
3200	3
3201	5
3202	8
3203	7
3204	6
3205	9
3206	6
3207	5
3208	1
3209	7
3210	3
3211	11
3212	3
3213	4
3214	6
3215	5
3216	1
3217	6
3218	13
3219	4
3220	10
3221	13
3222	8
3223	6
3224	7
3225	3
3226	7
3227	3
3228	7
3229	3
3230	12
3231	3
3232	12
3233	3
3234	4
3235	15
3236	1
3237	3
3238	4
3239	3
3240	3
3241	10
3242	10
3243	14
3244	11
3245	14
3246	12
3247	4
3248	6
3249	5
3250	13
3251	8
3252	9
3253	5
3254	7
3255	6
3256	6
3257	6
3258	12
3259	6
3260	14
3261	8
3262	8
3263	3
3264	4
3265	4
3266	14
3267	9
3268	1
3269	1
3270	8
3271	6
3272	14
3273	10
3274	3
3275	3
3276	3
3277	1
3278	7
3279	3
3280	6
3281	1
3282	5
3283	12
3284	3
3285	3
3286	1
3287	3
3288	6
3289	6
3290	10
3291	10
3292	8
3293	4
3294	6
3295	11
3296	6
3297	6
3298	8
3299	1
3300	12
3301	16
3302	3
3303	8
3304	7
3305	1
3306	3
3307	4
3308	8
3309	3
3310	5
3311	7
3312	8
3313	9
3314	8
3315	6
3316	1
3317	9
3318	1
3319	6
3320	3
3321	1
3322	3
3323	1
3324	1
3325	3
3326	5
3327	16
3328	7
3329	4
3330	1
3331	1
3332	9
3333	12
3334	9
3335	11
3336	5
3337	6
3338	3
3339	3
3340	7
3341	6
3342	4
3343	9
3344	3
3345	6
3346	12
3347	1
3348	6
3349	10
3350	3
3351	8
3352	12
3353	6
3354	5
3355	1
3356	1
3357	16
3358	7
3359	8
3360	6
3361	4
3362	11
3363	15
3364	11
3365	4
3366	7
3367	1
3368	12
3369	9
3370	15
3371	8
3372	9
3373	13
3374	4
3375	1
3376	11
3377	3
3378	7
3379	1
3380	4
3381	3
3382	7
3383	6
3384	3
3385	10
3386	11
3387	4
3388	3
3389	4
3390	6
3391	1
3392	1
3393	8
3394	15
3395	1
3396	10
3397	3
3398	15
3399	8
3400	12
3401	6
3402	9
3403	6
3404	1
3405	16
3406	4
3407	6
3408	6
3409	5
3410	16
3411	6
3412	4
3413	1
3414	1
3415	1
3416	9
3417	13
3418	5
3419	3
3420	3
3421	1
3422	6
3423	3
3424	3
3425	12
3426	5
3427	3
3428	10
3429	4
3430	8
3431	6
3432	1
3433	6
3434	6
3435	3
3436	16
3437	13
3438	3
3439	4
3440	4
3441	14
3442	18
3443	6
3444	9
3445	7
3446	1
3447	8
3448	6
3449	3
3450	6
3451	13
3452	10
3453	9
3454	6
3455	9
3456	1
3457	12
3458	3
3459	9
3460	4
3461	6
3462	5
3463	5
3464	7
3465	7
3466	4
3467	3
3468	5
3469	16
3470	4
3471	3
3472	1
3473	1
3474	1
3475	6
3476	12
3477	5
3478	4
3479	7
3480	3
3481	8
3482	7
3483	3
3484	3
3485	1
3486	1
3487	1
3488	1
3489	6
3490	7
3491	6
3492	12
3493	8
3494	12
3495	14
3496	1
3497	3
3498	3
3499	1
3500	3
3501	14
3502	7
3503	7
3504	5
3505	1
3506	1
3507	1
3508	3
3509	7
3510	1
3511	1
3512	12
3513	3
3514	6
3515	1
3516	7
3517	1
3518	10
3519	9
3520	1
3521	7
3522	4
3523	3
3524	6
3525	6
3526	19
3527	1
3528	18
3529	12
3530	4
3531	6
3532	3
3533	5
3534	9
3535	6
3536	8
3537	4
3538	3
3539	9
3540	1
3541	11
3542	6
3543	7
3544	1
3545	1
3546	15
3547	11
3548	3
3549	11
3550	10
3551	14
3552	8
3553	1
3554	8
3555	4
3556	6
3557	1
3558	7
3559	4
3560	4
3561	5
3562	6
3563	3
3564	6
3565	1
3566	11
3567	6
3568	6
3569	3
3570	8
3571	9
3572	8
3573	6
3574	15
3575	4
3576	12
3577	9
3578	12
3579	3
3580	1
3581	11
3582	7
3583	3
3584	7
3585	4
3586	6
3587	1
3588	1
3589	7
3590	4
3591	12
3592	1
3593	4
3594	1
3595	14
3596	5
3597	3
3598	6
3599	9
3600	5
3601	6
3602	3
3603	1
3604	12
3605	7
3606	6
3607	6
3608	7
3609	3
3610	11
3611	3
3612	6
3613	3
3614	7
3615	10
3616	1
3617	12
3618	11
3619	5
3620	5
3621	7
3622	15
3623	6
3624	3
3625	11
3626	1
3627	6
3628	3
3629	10
3630	3
3631	6
3632	6
3633	7
3634	1
3635	11
3636	6
3637	19
3638	4
3639	4
3640	5
3641	4
3642	1
3643	1
3644	10
3645	5
3646	9
3647	6
3648	1
3649	10
3650	13
3651	13
3652	8
3653	12
3654	4
3655	1
3656	9
3657	3
3658	14
3659	4
3660	11
3661	10
3662	12
3663	9
3664	1
3665	6
3666	1
3667	4
3668	4
3669	8
3670	13
3671	10
3672	10
3673	6
3674	12
3675	9
3676	1
3677	9
3678	5
3679	5
3680	9
3681	12
3682	10
3683	6
3684	10
3685	6
3686	3
3687	1
3688	3
3689	6
3690	3
3691	8
3692	5
3693	3
3694	4
3695	4
3696	3
3697	8
3698	4
3699	1
3700	14
3701	3
3702	8
3703	8
3704	4
3705	4
3706	3
3707	3
3708	1
3709	4
3710	1
3711	9
3712	1
3713	13
3714	7
3715	9
3716	3
3717	1
3718	12
3719	4
3720	10
3721	21
3722	7
3723	8
3724	5
3725	3
3726	3
3727	7
3728	3
3729	6
3730	4
3731	8
3732	7
3733	1
3734	1
3735	4
3736	1
3737	1
3738	5
3739	4
3740	9
3741	1
3742	3
3743	11
3744	9
3745	7
3746	13
3747	4
3748	11
3749	4
3750	10
3751	6
3752	1
3753	1
3754	3
3755	1
3756	11
3757	13
3758	14
3759	10
3760	11
3761	6
3762	1
3763	1
3764	4
3765	1
3766	6
3767	3
3768	3
3769	3
3770	7
3771	1
3772	7
3773	13
3774	1
3775	3
3776	7
3777	7
3778	1
3779	10
3780	9
3781	3
3782	3
3783	3
3784	5
3785	3
3786	1
3787	1
3788	14
3789	1
3790	3
3791	10
3792	1
3793	4
3794	6
3795	7
3796	8
3797	12
3798	1
3799	1
3800	3
3801	3
3802	3
3803	6
3804	3
3805	1
3806	8
3807	6
3808	6
3809	3
3810	3
3811	9
3812	9
3813	3
3814	6
3815	4
3816	4
3817	6
3818	9
3819	1
3820	5
3821	3
3822	11
3823	13
3824	12
3825	14
3826	12
3827	8
3828	3
3829	6
3830	1
3831	10
3832	3
3833	5
3834	15
3835	1
3836	3
3837	9
3838	7
3839	1
3840	1
3841	5
3842	9
3843	7
3844	8
3845	8
3846	9
3847	9
3848	6
3849	3
3850	6
3851	8
3852	1
3853	3
3854	4
3855	3
3856	9
3857	3
3858	10
3859	9
3860	3
3861	16
3862	4
3863	8
3864	6
3865	8
3866	7
3867	11
3868	4
3869	3
3870	3
3871	1
3872	1
3873	9
3874	3
3875	5
3876	9
3877	5
3878	6
3879	4
3880	8
3881	3
3882	15
3883	1
3884	6
3885	7
3886	3
3887	5
3888	7
3889	13
3890	1
3891	3
3892	7
3893	7
3894	8
3895	7
3896	7
3897	3
3898	8
3899	3
3900	4
3901	10
3902	14
3903	5
3904	10
3905	5
3906	6
3907	3
3908	3
3909	6
3910	1
3911	5
3912	10
3913	1
3914	1
3915	9
3916	6
3917	3
3918	9
3919	16
3920	6
3921	6
3922	4
3923	13
3924	6
3925	8
3926	10
3927	12
3928	6
3929	3
3930	8
3931	10
3932	9
3933	12
3934	5
3935	6
3936	9
3937	1
3938	4
3939	9
3940	14
3941	3
3942	9
3943	1
3944	7
3945	9
3946	5
3947	15
3948	3
3949	8
3950	5
3951	4
3952	6
3953	6
3954	7
3955	5
3956	6
3957	5
3958	4
3959	10
3960	10
3961	12
3962	4
3963	8
3964	3
3965	6
3966	8
3967	5
3968	10
3969	11
3970	8
3971	15
3972	12
3973	7
3974	7
3975	9
3976	12
3977	12
3978	3
3979	8
3980	3
3981	3
3982	10
3983	6
3984	10
3985	12
3986	7
3987	11
3988	7
3989	6
3990	3
3991	6
3992	7
3993	4
3994	7
3995	8
3996	3
3997	8
3998	9
3999	6
4000	1
4001	6
4002	4
4003	4
4004	1
4005	7
4006	10
4007	1
4008	1
4009	3
4010	1
4011	9
4012	9
4013	4
4014	3
4015	10
4016	9
4017	4
4018	6
4019	4
4020	10
4021	6
4022	1
4023	1
4024	7
4025	9
4026	17
4027	12
4028	15
4029	1
4030	8
4031	1
4032	1
4033	6
4034	1
4035	11
4036	5
4037	7
4038	8
4039	6
4040	11
4041	3
4042	12
4043	4
4044	7
4045	12
4046	10
4047	10
4048	9
4049	1
4050	1
4051	6
4052	3
4053	3
4054	9
4055	8
4056	4
4057	7
4058	12
4059	3
4060	3
4061	1
4062	1
4063	7
4064	1
4065	16
4066	14
4067	6
4068	5
4069	9
4070	5
4071	3
4072	3
4073	6
4074	8
4075	7
4076	7
4077	4
4078	3
4079	7
4080	6
4081	9
4082	7
4083	6
4084	4
4085	6
4086	4
4087	7
4088	1
4089	12
4090	5
4091	3
4092	1
4093	4
4094	4
4095	8
4096	5
4097	15
4098	1
4099	3
4100	1
4101	1
4102	4
4103	3
4104	7
4105	1
4106	3
4107	1
4108	3
4109	1
4110	1
4111	6
4112	5
4113	7
4114	3
4115	10
4116	8
4117	8
4118	10
4119	8
4120	12
4121	1
4122	7
4123	6
4124	4
4125	1
4126	10
4127	4
4128	3
4129	8
4130	12
4131	3
4132	4
4133	12
4134	5
4135	5
4136	1
4137	7
4138	3
4139	4
4140	16
4141	3
4142	1
4143	11
4144	14
4145	8
4146	3
4147	6
4148	3
4149	1
4150	7
4151	4
4152	6
4153	5
4154	6
4155	3
4156	3
4157	9
4158	1
4159	9
4160	8
4161	10
4162	10
4163	9
4164	3
4165	11
4166	6
4167	4
4168	3
4169	6
4170	1
4171	4
4172	1
4173	7
4174	10
4175	6
4176	3
4177	8
4178	11
4179	1
4180	3
4181	3
4182	4
4183	14
4184	6
4185	10
4186	5
4187	8
4188	6
4189	1
4190	1
4191	1
4192	1
4193	5
4194	12
4195	13
4196	7
4197	4
4198	7
4199	5
4200	1
4201	6
4202	6
4203	10
4204	6
4205	10
4206	4
4207	10
4208	6
4209	7
4210	1
4211	7
4212	6
4213	3
4214	7
4215	6
4216	9
4217	7
4218	6
4219	3
4220	3
4221	6
4222	6
4223	7
4224	7
4225	1
4226	7
4227	7
4228	3
4229	3
4230	1
4231	7
4232	1
4233	1
4234	3
4235	4
4236	7
4237	5
4238	11
4239	10
4240	3
4241	1
4242	10
4243	9
4244	1
4245	8
4246	3
4247	12
4248	3
4249	8
4250	5
4251	8
4252	12
4253	3
4254	1
4255	6
4256	8
4257	10
4258	8
4259	1
4260	4
4261	1
4262	1
4263	1
4264	3
4265	9
4266	7
4267	4
4268	7
4269	9
4270	3
4271	3
4272	14
4273	5
4274	4
4275	3
4276	9
4277	1
4278	5
4279	9
4280	11
4281	7
4282	12
4283	9
4284	14
4285	3
4286	6
4287	6
4288	3
4289	6
4290	6
4291	3
4292	3
4293	6
4294	1
4295	10
4296	8
4297	15
4298	6
4299	3
4300	8
4301	4
4302	1
4303	3
4304	6
4305	3
4306	4
4307	5
4308	4
4309	17
4310	8
4311	1
4312	9
4313	8
4314	5
4315	4
4316	1
4317	3
4318	3
4319	3
4320	7
4321	1
4322	1
4323	4
4324	10
4325	8
4326	13
4327	6
4328	12
4329	1
4330	6
4331	11
4332	8
4333	7
4334	1
4335	1
4336	10
4337	12
4338	17
4339	1
4340	13
4341	15
4342	7
4343	1
4344	12
4345	5
4346	9
4347	1
4348	1
4349	9
4350	9
4351	9
4352	1
4353	7
4354	9
4355	7
4356	3
4357	8
4358	9
4359	6
4360	10
4361	8
4362	13
4363	5
4364	3
4365	1
4366	9
4367	1
4368	1
4369	8
4370	4
4371	11
4372	8
4373	12
4374	13
4375	3
4376	1
4377	8
4378	9
4379	1
4380	12
4381	4
4382	4
4383	5
4384	3
4385	7
4386	8
4387	7
4388	5
4389	6
4390	6
4391	11
4392	1
4393	6
4394	10
4395	3
4396	3
4397	3
4398	12
4399	8
4400	12
4401	14
4402	12
4403	11
4404	6
4405	6
4406	7
4407	11
4408	1
4409	3
4410	3
4411	16
4412	3
4413	7
4414	6
4415	4
4416	13
4417	1
4418	4
4419	8
4420	3
4421	8
4422	9
4423	7
4424	8
4425	1
4426	5
4427	5
4428	4
4429	8
4430	12
4431	3
4432	16
4433	4
4434	3
4435	4
4436	1
4437	4
4438	9
4439	8
4440	9
4441	1
4442	7
4443	1
4444	10
4445	13
4446	12
4447	6
4448	3
4449	1
4450	6
4451	10
4452	8
4453	1
4454	10
4455	4
4456	4
4457	10
4458	1
4459	8
4460	6
4461	9
4462	1
4463	3
4464	1
4465	1
4466	1
4467	7
4468	7
4469	8
4470	1
4471	1
4472	6
4473	1
4474	6
4475	5
4476	1
4477	8
4478	3
4479	11
4480	6
4481	6
4482	5
4483	3
4484	8
4485	6
4486	9
4487	4
4488	3
4489	12
4490	6
4491	9
4492	1
4493	7
4494	1
4495	7
4496	6
4497	5
4498	11
4499	8
4500	10
4501	1
4502	8
4503	6
4504	4
4505	6
4506	8
4507	13
4508	10
4509	1
4510	6
4511	6
4512	5
4513	3
4514	3
4515	7
4516	3
4517	7
4518	7
4519	6
4520	3
4521	9
4522	3
4523	17
4524	9
4525	1
4526	1
4527	3
4528	12
4529	5
4530	3
4531	7
4532	1
4533	13
4534	10
4535	3
4536	6
4537	1
4538	6
4539	1
4540	3
4541	12
4542	4
4543	14
4544	11
4545	12
4546	9
4547	9
4548	3
4549	8
4550	1
4551	1
4552	1
4553	3
4554	8
4555	4
4556	1
4557	3
4558	7
4559	3
4560	5
4561	6
4562	1
4563	7
4564	1
4565	12
4566	7
4567	12
4568	4
4569	7
4570	4
4571	8
4572	6
4573	8
4574	1
4575	6
4576	10
4577	1
4578	7
4579	9
4580	5
4581	9
4582	6
4583	3
4584	7
4585	9
4586	4
4587	1
4588	1
4589	8
4590	3
4591	6
4592	5
4593	1
4594	21
4595	16
4596	1
4597	1
4598	13
4599	8
4600	1
4601	1
4602	9
4603	3
4604	1
4605	6
4606	3
4607	5
4608	1
4609	5
4610	7
4611	7
4612	3
4613	7
4614	6
4615	9
4616	12
4617	5
4618	3
4619	1
4620	18
4621	3
4622	10
4623	6
4624	4
4625	9
4626	9
4627	16
4628	9
4629	6
4630	4
4631	1
4632	14
4633	3
4634	6
4635	9
4636	4
4637	6
4638	1
4639	6
4640	4
4641	3
4642	1
4643	9
4644	9
4645	12
4646	7
4647	5
4648	6
4649	6
4650	4
4651	6
4652	3
4653	1
4654	9
4655	16
4656	12
4657	4
4658	1
4659	3
4660	19
4661	15
4662	1
4663	10
4664	3
4665	1
4666	1
4667	12
4668	4
4669	4
4670	8
4671	6
4672	10
4673	7
4674	3
4675	4
4676	1
4677	12
4678	8
4679	14
4680	1
4681	10
4682	3
4683	4
4684	5
4685	3
4686	1
4687	1
4688	3
4689	6
4690	14
4691	1
4692	14
4693	6
4694	16
4695	9
4696	3
4697	6
4698	13
4699	3
4700	9
4701	1
4702	3
4703	8
4704	6
4705	9
4706	6
4707	3
4708	3
4709	10
4710	6
4711	10
4712	7
4713	5
4714	7
4715	13
4716	9
4717	12
4718	6
4719	6
4720	4
4721	3
4722	8
4723	8
4724	5
4725	10
4726	7
4727	15
4728	3
4729	1
4730	10
4731	5
4732	12
4733	3
4734	1
4735	1
4736	4
4737	4
4738	3
4739	5
4740	8
4741	9
4742	3
4743	6
4744	13
4745	10
4746	9
4747	1
4748	7
4749	7
4750	1
4751	15
4752	11
4753	7
4754	7
4755	4
4756	6
4757	8
4758	19
4759	3
4760	10
4761	9
4762	6
4763	3
4764	6
4765	6
4766	1
4767	4
4768	4
4769	7
4770	5
4771	7
4772	11
4773	3
4774	4
4775	4
4776	3
4777	14
4778	1
4779	4
4780	3
4781	11
4782	11
4783	9
4784	6
4785	4
4786	11
4787	4
4788	1
4789	14
4790	3
4791	4
4792	1
4793	6
4794	3
4795	4
4796	15
4797	15
4798	6
4799	4
4800	1
4801	10
4802	6
4803	3
4804	12
4805	6
4806	10
4807	3
4808	3
4809	9
4810	11
4811	3
4812	3
4813	10
4814	9
4815	1
4816	8
4817	1
4818	1
4819	6
4820	1
4821	4
4822	6
4823	5
4824	7
4825	1
4826	6
4827	1
4828	1
4829	1
4830	5
4831	7
4832	3
4833	8
4834	4
4835	6
4836	3
4837	13
4838	10
4839	12
4840	3
4841	9
4842	4
4843	7
4844	14
4845	12
4846	7
4847	1
4848	1
4849	1
4850	7
4851	5
4852	1
4853	12
4854	15
4855	8
4856	1
4857	10
4858	3
4859	3
4860	12
4861	8
4862	9
4863	11
4864	1
4865	1
4866	4
4867	6
4868	1
4869	5
4870	5
4871	7
4872	3
4873	6
4874	11
4875	7
4876	7
4877	4
4878	8
4879	1
4880	7
4881	3
4882	4
4883	6
4884	6
4885	1
4886	3
4887	7
4888	6
4889	6
4890	4
4891	3
4892	15
4893	1
4894	9
4895	6
4896	4
4897	1
4898	6
4899	6
4900	1
4901	7
4902	7
4903	4
4904	3
4905	14
4906	10
4907	1
4908	3
4909	9
4910	13
4911	3
4912	4
4913	3
4914	11
4915	16
4916	3
4917	8
4918	3
4919	7
4920	8
4921	1
4922	1
4923	9
4924	5
4925	8
4926	6
4927	6
4928	13
4929	13
4930	7
4931	6
4932	6
4933	3
4934	3
4935	13
4936	3
4937	5
4938	1
4939	4
4940	15
4941	11
4942	7
4943	6
4944	13
4945	10
4946	3
4947	1
4948	3
4949	3
4950	3
4951	8
4952	3
4953	6
4954	7
4955	10
4956	9
4957	1
4958	1
4959	11
4960	8
4961	4
4962	10
4963	6
4964	6
4965	6
4966	8
4967	7
4968	5
4969	14
4970	3
4971	4
4972	1
4973	5
4974	8
4975	1
4976	6
4977	1
4978	1
4979	5
4980	3
4981	5
4982	3
4983	4
4984	7
4985	1
4986	1
4987	4
4988	6
4989	5
4990	10
4991	12
4992	3
4993	9
4994	5
4995	6
4996	6
4997	6
4998	4
4999	4
5000	12
5001	5
5002	17
5003	4
5004	5
5005	6
5006	1
5007	1
5008	3
5009	4
5010	6
5011	3
5012	6
5013	3
5014	1
5015	4
5016	7
5017	13
5018	16
5019	4
5020	1
5021	1
5022	10
5023	9
5024	13
5025	9
5026	6
5027	6
5028	6
5029	3
5030	10
5031	1
5032	6
5033	7
5034	8
5035	4
5036	13
5037	12
5038	1
5039	3
5040	1
5041	1
5042	6
5043	8
5044	3
5045	3
5046	11
5047	1
5048	5
5049	3
5050	6
5051	6
5052	11
5053	15
5054	6
5055	11
5056	4
5057	12
5058	4
5059	9
5060	8
5061	12
5062	16
5063	1
5064	14
5065	8
5066	15
5067	4
5068	3
5069	11
5070	9
5071	5
5072	3
5073	3
5074	7
5075	14
5076	6
5077	8
5078	7
5079	3
5080	6
5081	5
5082	1
5083	1
5084	3
5085	10
5086	3
5087	10
5088	12
5089	4
5090	10
5091	11
5092	6
5093	4
5094	3
5095	9
5096	13
5097	8
5098	13
5099	10
5100	1
5101	10
5102	18
5103	12
5104	3
5105	5
5106	3
5107	6
5108	6
5109	3
5110	3
5111	11
5112	1
5113	6
5114	16
5115	7
5116	8
5117	1
5118	9
5119	1
5120	9
5121	5
5122	3
5123	4
5124	1
5125	3
5126	4
5127	1
5128	7
5129	11
5130	1
5131	4
5132	6
5133	9
5134	6
5135	5
5136	10
5137	8
5138	1
5139	5
5140	13
5141	4
5142	4
5143	3
5144	3
5145	9
5146	3
5147	9
5148	5
5149	10
5150	9
5151	7
5152	3
5153	8
5154	12
5155	11
5156	1
5157	1
5158	7
5159	7
5160	3
5161	18
5162	1
5163	4
5164	9
5165	9
5166	15
5167	5
5168	4
5169	1
5170	3
5171	6
5172	6
5173	11
5174	11
5175	1
5176	1
5177	12
5178	8
5179	7
5180	1
5181	5
5182	6
5183	7
5184	4
5185	1
5186	3
5187	6
5188	13
5189	6
5190	6
5191	5
5192	7
5193	3
5194	7
5195	10
5196	10
5197	4
5198	10
5199	10
5200	7
5201	10
5202	1
5203	6
5204	5
5205	17
5206	3
5207	3
5208	8
5209	6
5210	6
5211	1
5212	1
5213	6
5214	11
5215	3
5216	6
5217	1
5218	9
5219	4
5220	7
5221	6
5222	3
5223	5
5224	6
5225	5
5226	9
5227	12
5228	13
5229	9
5230	15
5231	8
5232	3
5233	1
5234	3
5235	6
5236	3
5237	3
5238	3
5239	6
5240	10
5241	10
5242	8
5243	3
5244	6
5245	6
5246	1
5247	8
5248	14
5249	13
5250	4
5251	8
5252	7
5253	7
5254	10
5255	4
5256	7
5257	3
5258	10
5259	3
5260	1
5261	12
5262	1
5263	9
5264	3
5265	4
5266	12
5267	8
5268	12
5269	4
5270	8
5271	4
5272	6
5273	1
5274	11
5275	9
5276	1
5277	1
5278	1
5279	3
5280	4
5281	17
5282	3
5283	8
5284	1
5285	6
5286	7
5287	7
5288	7
5289	1
5290	6
5291	10
5292	1
5293	7
5294	6
5295	3
5296	3
5297	11
5298	1
5299	5
5300	6
5301	3
5302	3
5303	6
5304	7
5305	7
5306	3
5307	3
5308	1
5309	4
5310	8
5311	7
5312	1
5313	5
5314	1
5315	14
5316	3
5317	7
5318	1
5319	1
5320	1
5321	1
5322	1
5323	1
5324	1
5325	10
5326	1
5327	15
5328	4
5329	3
5330	8
5331	1
5332	10
5333	8
5334	1
5335	1
5336	16
5337	6
5338	3
5339	6
5340	1
5341	8
5342	11
5343	10
5344	12
5345	7
5346	8
5347	3
5348	6
5349	1
5350	1
5351	3
5352	12
5353	3
5354	1
5355	7
5356	3
5357	4
5358	1
5359	12
5360	6
5361	8
5362	1
5363	1
5364	3
5365	1
5366	3
5367	17
5368	12
5369	1
5370	4
5371	3
5372	8
5373	1
5374	8
5375	3
5376	3
5377	19
5378	3
5379	6
5380	3
5381	1
5382	7
5383	1
5384	8
5385	1
5386	3
5387	8
5388	1
5389	7
5390	9
5391	14
5392	9
5393	7
5394	8
5395	8
5396	1
5397	12
5398	6
5399	12
5400	3
5401	9
5402	10
5403	4
5404	6
5405	7
5406	6
5407	1
5408	8
5409	6
5410	3
5411	1
5412	5
5413	1
5414	6
5415	6
5416	5
5417	8
5418	4
5419	9
5420	12
5421	4
5422	1
5423	1
5424	1
5425	9
5426	1
5427	9
5428	1
5429	9
5430	6
5431	7
5432	6
5433	8
5434	3
5435	10
5436	1
5437	5
5438	3
5439	1
5440	1
5441	4
5442	3
5443	3
5444	10
5445	1
5446	8
5447	5
5448	11
5449	6
5450	8
5451	7
5452	6
5453	12
5454	3
5455	16
5456	3
5457	6
5458	9
5459	3
5460	13
5461	6
5462	7
5463	5
5464	3
5465	6
5466	9
5467	10
5468	7
5469	9
5470	1
5471	11
5472	1
5473	9
5474	8
5475	4
5476	7
5477	14
5478	17
5479	6
5480	3
5481	12
5482	1
5483	3
5484	1
5485	3
5486	5
5487	7
5488	1
5489	4
5490	1
5491	6
5492	4
5493	3
5494	6
5495	7
5496	1
5497	6
5498	12
5499	15
5500	11
5501	4
5502	10
5503	1
5504	5
5505	6
5506	8
5507	9
5508	10
5509	14
5510	4
5511	1
5512	3
5513	11
5514	9
5515	6
5516	7
5517	7
5518	8
5519	7
5520	6
5521	6
5522	7
5523	5
5524	10
5525	1
5526	6
5527	1
5528	10
5529	6
5530	7
5531	4
5532	1
5533	6
5534	7
5535	6
5536	8
5537	10
5538	1
5539	6
5540	6
5541	7
5542	1
5543	1
5544	1
5545	6
5546	6
5547	9
5548	11
5549	6
5550	3
5551	9
5552	6
5553	3
5554	6
5555	21
5556	15
5557	4
5558	9
5559	13
5560	1
5561	6
5562	1
5563	1
5564	3
5565	9
5566	8
5567	13
5568	3
5569	7
5570	7
5571	1
5572	1
5573	4
5574	6
5575	4
5576	1
5577	6
5578	12
5579	12
5580	3
5581	10
5582	6
5583	16
5584	14
5585	8
5586	9
5587	6
5588	1
5589	3
5590	4
5591	7
5592	3
5593	6
5594	3
5595	1
5596	11
5597	3
5598	1
5599	3
5600	12
5601	3
5602	3
5603	8
5604	1
5605	3
5606	7
5607	6
5608	1
5609	4
5610	12
5611	1
5612	5
5613	5
5614	4
5615	6
5616	7
5617	9
5618	3
5619	6
5620	7
5621	4
5622	3
5623	9
5624	1
5625	7
5626	3
5627	4
5628	11
5629	13
5630	6
5631	12
5632	1
5633	6
5634	7
5635	3
5636	12
5637	7
5638	7
5639	9
5640	3
5641	1
5642	3
5643	11
5644	14
5645	6
5646	3
5647	3
5648	6
5649	1
5650	4
5651	3
5652	16
5653	3
5654	6
5655	16
5656	7
5657	4
5658	6
5659	4
5660	3
5661	4
5662	6
5663	3
5664	10
5665	3
5666	3
5667	8
5668	7
5669	12
5670	16
5671	8
5672	12
5673	4
5674	6
5675	10
5676	3
5677	3
5678	8
5679	7
5680	11
5681	7
5682	4
5683	11
5684	6
5685	3
5686	3
5687	1
5688	1
5689	6
5690	10
5691	11
5692	1
5693	3
5694	3
5695	3
5696	11
5697	3
5698	10
5699	6
5700	8
5701	3
5702	13
5703	12
5704	8
5705	6
5706	5
5707	6
5708	9
5709	6
5710	6
5711	1
5712	4
5713	1
5714	3
5715	6
5716	6
5717	1
5718	6
5719	10
5720	3
5721	9
5722	3
5723	10
5724	3
5725	7
5726	3
5727	10
5728	3
5729	6
5730	14
5731	8
5732	4
5733	3
5734	12
5735	4
5736	1
5737	11
5738	1
5739	6
5740	5
5741	9
5742	11
5743	4
5744	16
5745	5
5746	3
5747	10
5748	1
5749	10
5750	1
5751	3
5752	10
5753	6
5754	3
5755	8
5756	1
5757	4
5758	6
5759	6
5760	5
5761	5
5762	1
5763	1
5764	3
5765	6
5766	1
5767	7
5768	4
5769	6
5770	10
5771	12
5772	1
5773	5
5774	1
5775	6
5776	15
5777	6
5778	10
5779	3
5780	12
5781	1
5782	1
5783	5
5784	7
5785	9
5786	10
5787	4
5788	3
5789	13
5790	14
5791	4
5792	10
5793	6
5794	4
5795	8
5796	5
5797	7
5798	7
5799	3
5800	3
5801	15
5802	3
5803	3
5804	14
5805	3
5806	7
5807	1
5808	1
5809	6
5810	8
5811	18
5812	5
5813	7
5814	14
5815	3
5816	6
5817	7
5818	3
5819	6
5820	11
5821	8
5822	3
5823	8
5824	10
5825	5
5826	1
5827	1
5828	11
5829	5
5830	3
5831	8
5832	5
5833	6
5834	9
5835	3
5836	7
5837	1
5838	3
5839	8
5840	7
5841	1
5842	1
5843	10
5844	7
5845	9
5846	3
5847	6
5848	5
5849	7
5850	5
5851	5
5852	8
5853	3
5854	3
5855	5
5856	3
5857	6
5858	1
5859	16
5860	3
5861	6
5862	4
5863	8
5864	3
5865	3
5866	8
5867	3
5868	4
5869	7
5870	3
5871	7
5872	7
5873	3
5874	3
5875	3
5876	3
5877	1
5878	5
5879	9
5880	1
5881	5
5882	3
5883	4
5884	12
5885	1
5886	9
5887	6
5888	8
5889	8
5890	3
5891	1
5892	1
5893	12
5894	3
5895	12
5896	3
5897	11
5898	1
5899	7
5900	7
5901	8
5902	10
5903	8
5904	4
5905	7
5906	7
5907	13
5908	9
5909	6
5910	6
5911	10
5912	9
5913	5
5914	9
5915	12
5916	12
5917	15
5918	10
5919	4
5920	8
5921	10
5922	3
5923	5
5924	1
5925	6
5926	3
5927	8
5928	1
5929	6
5930	6
5931	8
5932	10
5933	7
5934	8
5935	3
5936	16
5937	10
5938	1
5939	7
5940	7
5941	7
5942	7
5943	6
5944	8
5945	14
5946	9
5947	10
5948	6
5949	5
5950	7
5951	7
5952	6
5953	3
5954	3
5955	4
5956	9
5957	9
5958	12
5959	4
5960	8
5961	11
5962	8
5963	4
5964	5
5965	1
5966	1
5967	4
5968	3
5969	1
5970	6
5971	6
5972	6
5973	8
5974	3
5975	8
5976	7
5977	3
5978	7
5979	6
5980	3
5981	8
5982	6
5983	6
5984	13
5985	7
5986	11
5987	1
5988	3
5989	7
5990	15
5991	9
5992	11
5993	3
5994	4
5995	3
5996	4
5997	3
5998	6
5999	7
6000	4
6001	5
6002	5
6003	7
6004	5
6005	4
6006	7
6007	6
6008	3
6009	8
6010	7
6011	4
6012	10
6013	1
6014	8
6015	3
6016	7
6017	10
6018	1
6019	3
6020	7
6021	12
6022	5
6023	3
6024	4
6025	1
6026	1
6027	3
6028	3
6029	1
6030	3
6031	3
6032	1
6033	4
6034	6
6035	10
6036	1
6037	7
6038	3
6039	6
6040	4
6041	4
6042	7
6043	4
6044	8
6045	9
6046	10
6047	1
6048	3
6049	3
6050	10
6051	11
6052	1
6053	11
6054	9
6055	7
6056	4
6057	1
6058	1
6059	6
6060	7
6061	8
6062	1
6063	3
6064	5
6065	9
6066	7
6067	3
6068	1
6069	7
6070	8
6071	6
6072	1
6073	4
6074	3
6075	3
6076	9
6077	5
6078	6
6079	9
6080	1
6081	5
6082	4
6083	4
6084	7
6085	3
6086	1
6087	6
6088	8
6089	5
6090	1
6091	8
6092	12
6093	1
6094	4
6095	10
6096	13
6097	6
6098	1
6099	7
6100	6
6101	9
6102	7
6103	1
6104	3
6105	4
6106	10
6107	1
6108	6
6109	4
6110	6
6111	5
6112	3
6113	15
6114	1
6115	7
6116	8
6117	6
6118	8
6119	6
6120	3
6121	5
6122	1
6123	1
6124	7
6125	1
6126	1
6127	1
6128	6
6129	5
6130	7
6131	3
6132	5
6133	6
6134	1
6135	4
6136	9
6137	7
6138	16
6139	6
6140	10
6141	3
6142	1
6143	5
6144	7
6145	1
6146	6
6147	3
6148	1
6149	1
6150	4
6151	6
6152	3
6153	4
6154	1
6155	8
6156	1
6157	9
6158	8
6159	9
6160	6
6161	1
6162	6
6163	6
6164	7
6165	10
6166	1
6167	7
6168	6
6169	7
6170	4
6171	1
6172	3
6173	1
6174	5
6175	1
6176	9
6177	5
6178	7
6179	9
6180	11
6181	4
6182	21
6183	6
6184	4
6185	1
6186	7
6187	3
6188	6
6189	9
6190	1
6191	7
6192	6
6193	7
6194	4
6195	9
6196	1
6197	3
6198	3
6199	6
6200	6
6201	7
6202	11
6203	3
6204	3
6205	3
6206	5
6207	9
6208	12
6209	1
6210	7
6211	8
6212	11
6213	15
6214	3
6215	8
6216	4
6217	7
6218	6
6219	8
6220	4
6221	3
6222	3
6223	6
6224	10
6225	4
6226	3
6227	9
6228	6
6229	8
6230	8
6231	7
6232	7
6233	6
6234	8
6235	10
6236	1
6237	9
6238	8
6239	9
6240	8
6241	1
6242	7
6243	1
6244	6
6245	6
6246	3
6247	3
6248	6
6249	8
6250	4
6251	12
6252	3
6253	7
6254	7
6255	1
6256	11
6257	6
6258	10
6259	8
6260	9
6261	7
6262	5
6263	10
6264	14
6265	7
6266	6
6267	14
6268	5
6269	3
6270	1
6271	4
6272	12
6273	10
6274	9
6275	3
6276	5
6277	1
6278	1
6279	1
6280	3
6281	11
6282	7
6283	5
6284	18
6285	15
6286	7
6287	6
6288	14
6289	5
6290	9
6291	3
6292	10
6293	1
6294	9
6295	1
6296	3
6297	5
6298	6
6299	9
6300	1
6301	10
6302	1
6303	8
6304	6
6305	7
6306	11
6307	6
6308	3
6309	6
6310	1
6311	1
6312	1
6313	1
6314	12
6315	11
6316	1
6317	3
6318	7
6319	1
6320	6
6321	10
6322	5
6323	3
6324	5
6325	1
6326	1
6327	6
6328	1
6329	6
6330	12
6331	4
6332	11
6333	11
6334	7
6335	7
6336	4
6337	6
6338	3
6339	6
6340	3
6341	9
6342	3
6343	6
6344	1
6345	10
6346	8
6347	3
6348	3
6349	1
6350	8
6351	7
6352	1
6353	6
6354	6
6355	6
6356	8
6357	5
6358	12
6359	6
6360	7
6361	11
6362	1
6363	4
6364	6
6365	3
6366	8
6367	4
6368	6
6369	1
6370	4
6371	7
6372	14
6373	1
6374	8
6375	7
6376	9
6377	5
6378	3
6379	10
6380	3
6381	4
6382	1
6383	4
6384	12
6385	6
6386	9
6387	8
6388	1
6389	1
6390	9
6391	7
6392	4
6393	8
6394	4
6395	3
6396	6
6397	1
6398	6
6399	8
6400	6
6401	3
6402	9
6403	3
6404	6
6405	8
6406	9
6407	14
6408	9
6409	1
6410	8
6411	1
6412	12
6413	7
6414	1
6415	10
6416	1
6417	10
6418	1
6419	8
6420	10
6421	1
6422	3
6423	9
6424	7
6425	1
6426	7
6427	5
6428	10
6429	1
6430	17
6431	1
6432	6
6433	7
6434	3
6435	9
6436	11
6437	5
6438	3
6439	7
6440	7
6441	5
6442	3
6443	12
6444	1
6445	3
6446	13
6447	8
6448	3
6449	5
6450	4
6451	4
6452	11
6453	4
6454	6
6455	7
6456	10
6457	4
6458	5
6459	1
6460	9
6461	5
6462	3
6463	9
6464	1
6465	9
6466	4
6467	14
6468	12
6469	12
6470	1
6471	11
6472	1
6473	4
6474	7
6475	6
6476	3
6477	3
6478	6
6479	8
6480	6
6481	1
6482	1
6483	6
6484	8
6485	10
6486	6
6487	9
6488	7
6489	7
6490	6
6491	15
6492	1
6493	1
6494	7
6495	11
6496	1
6497	3
6498	8
6499	3
6500	6
6501	5
6502	6
6503	1
6504	4
6505	8
6506	10
6507	1
6508	1
6509	7
6510	8
6511	4
6512	16
6513	6
6514	8
6515	5
6516	9
6517	5
6518	10
6519	6
6520	6
6521	7
6522	5
6523	4
6524	6
6525	9
6526	7
6527	1
6528	12
6529	1
6530	6
6531	1
6532	4
6533	1
6534	15
6535	6
6536	1
6537	4
6538	1
6539	7
6540	4
6541	5
6542	1
6543	9
6544	1
6545	6
6546	1
6547	13
6548	3
6549	13
6550	11
6551	9
6552	9
6553	1
6554	3
6555	5
6556	4
6557	7
6558	8
6559	6
6560	13
6561	7
6562	1
6563	6
6564	6
6565	16
6566	17
6567	16
6568	12
6569	8
6570	14
6571	3
6572	5
6573	6
6574	3
6575	7
6576	3
6577	4
6578	3
6579	5
6580	3
6581	12
6582	3
6583	4
6584	9
6585	10
6586	13
6587	7
6588	3
6589	1
6590	1
6591	5
6592	1
6593	14
6594	3
6595	1
6596	1
6597	7
6598	4
6599	6
6600	1
6601	3
6602	7
6603	11
6604	10
6605	1
6606	8
6607	3
6608	5
6609	7
6610	12
6611	7
6612	1
6613	7
6614	10
6615	1
6616	10
6617	9
6618	7
6619	4
6620	9
6621	16
6622	1
6623	1
6624	3
6625	8
6626	1
6627	4
6628	3
6629	3
6630	4
6631	10
6632	10
6633	4
6634	5
6635	1
6636	14
6637	3
6638	10
6639	10
6640	10
6641	7
6642	12
6643	6
6644	9
6645	11
6646	4
6647	13
6648	5
6649	1
6650	6
6651	8
6652	3
6653	7
6654	6
6655	1
6656	4
6657	10
6658	16
6659	5
6660	10
6661	10
6662	6
6663	1
6664	14
6665	9
6666	4
6667	8
6668	10
6669	3
6670	7
6671	4
6672	3
6673	3
6674	3
6675	1
6676	3
6677	11
6678	1
6679	4
6680	5
6681	5
6682	11
6683	4
6684	6
6685	1
6686	7
6687	4
6688	14
6689	5
6690	1
6691	7
6692	8
6693	5
6694	11
6695	8
6696	3
6697	4
6698	5
6699	11
6700	8
6701	8
6702	6
6703	9
6704	7
6705	13
6706	7
6707	4
6708	5
6709	4
6710	3
6711	7
6712	3
6713	8
6714	7
6715	1
6716	1
6717	6
6718	6
6719	6
6720	10
6721	1
6722	9
6723	1
6724	6
6725	18
6726	9
6727	3
6728	4
6729	4
6730	6
6731	1
6732	3
6733	4
6734	4
6735	11
6736	3
6737	3
6738	1
6739	8
6740	4
6741	7
6742	1
6743	6
6744	4
6745	7
6746	10
6747	6
6748	3
6749	11
6750	6
6751	1
6752	1
6753	10
6754	17
6755	9
6756	4
6757	8
6758	6
6759	5
6760	3
6761	11
6762	1
6763	5
6764	7
6765	4
6766	9
6767	3
6768	6
6769	3
6770	3
6771	9
6772	7
6773	8
6774	3
6775	12
6776	3
6777	11
6778	4
6779	3
6780	8
6781	12
6782	5
6783	10
6784	1
6785	3
6786	1
6787	10
6788	12
6789	5
6790	9
6791	11
6792	3
6793	1
6794	3
6795	9
6796	1
6797	6
6798	1
6799	12
6800	4
6801	7
6802	9
6803	6
6804	1
6805	3
6806	6
6807	4
6808	7
6809	3
6810	1
6811	1
6812	5
6813	12
6814	5
6815	1
6816	3
6817	8
6818	3
6819	1
6820	4
6821	12
6822	6
6823	11
6824	11
6825	6
6826	1
6827	3
6828	4
6829	1
6830	8
6831	9
6832	1
6833	6
6834	7
6835	6
6836	3
6837	10
6838	12
6839	3
6840	4
6841	1
6842	8
6843	8
6844	1
6845	1
6846	1
6847	4
6848	8
6849	10
6850	6
6851	1
6852	1
6853	10
6854	3
6855	6
6856	3
6857	1
6858	11
6859	4
6860	7
6861	1
6862	1
6863	5
6864	3
6865	8
6866	6
6867	9
6868	16
6869	6
6870	10
6871	12
6872	1
6873	10
6874	3
6875	7
6876	1
6877	15
6878	4
6879	9
6880	11
6881	4
6882	1
6883	18
6884	5
6885	5
6886	3
6887	12
6888	14
6889	5
6890	5
6891	3
6892	9
6893	5
6894	8
6895	1
6896	6
6897	6
6898	4
6899	5
6900	3
6901	12
6902	1
6903	12
6904	6
6905	3
6906	12
6907	3
6908	3
6909	7
6910	3
6911	3
6912	12
6913	11
6914	6
6915	8
6916	1
6917	1
6918	1
6919	8
6920	12
6921	8
6922	3
6923	3
6924	3
6925	1
6926	1
6927	5
6928	11
6929	1
6930	3
6931	7
6932	12
6933	4
6934	8
6935	5
6936	8
6937	6
6938	6
6939	8
6940	1
6941	3
6942	9
6943	11
6944	6
6945	12
6946	7
6947	8
6948	12
6949	9
6950	1
6951	9
6952	5
6953	4
6954	7
6955	3
6956	1
6957	1
6958	7
6959	3
6960	1
6961	3
6962	6
6963	1
6964	21
6965	3
6966	3
6967	8
6968	1
6969	3
6970	10
6971	9
6972	1
6973	12
6974	7
6975	11
6976	14
6977	1
6978	12
6979	1
6980	6
6981	1
6982	3
6983	8
6984	8
6985	3
6986	3
6987	7
6988	11
6989	8
6990	6
6991	3
6992	1
6993	6
6994	14
6995	4
6996	1
6997	11
6998	6
6999	6
7000	6
7001	4
7002	7
7003	5
7004	3
7005	10
7006	1
7007	9
7008	7
7009	15
7010	16
7011	9
7012	4
7013	13
7014	4
7015	6
7016	7
7017	5
7018	9
7019	3
7020	9
7021	3
7022	10
7023	1
7024	12
7025	6
7026	14
7027	4
7028	3
7029	4
7030	6
7031	8
7032	5
7033	11
7034	12
7035	4
7036	4
7037	14
7038	19
7039	3
7040	16
7041	3
7042	10
7043	6
7044	14
7045	3
7046	12
7047	1
7048	4
7049	5
7050	12
7051	16
7052	4
7053	5
7054	5
7055	1
7056	13
7057	13
7058	5
7059	4
7060	1
7061	6
7062	3
7063	5
7064	3
7065	8
7066	8
7067	13
7068	9
7069	19
7070	6
7071	8
7072	6
7073	3
7074	6
7075	1
7076	1
7077	6
7078	4
7079	1
7080	1
7081	1
7082	17
7083	1
7084	1
7085	1
7086	4
7087	4
7088	6
7089	8
7090	6
7091	7
7092	9
7093	9
7094	5
7095	8
7096	7
7097	9
7098	8
7099	9
7100	5
7101	11
7102	13
7103	7
7104	18
7105	8
7106	7
7107	3
7108	1
7109	1
7110	1
7111	4
7112	4
7113	13
7114	6
7115	1
7116	3
7117	8
7118	10
7119	3
7120	9
7121	12
7122	3
7123	9
7124	7
7125	10
7126	4
7127	1
7128	5
7129	12
7130	12
7131	16
7132	1
7133	1
7134	1
7135	8
7136	15
7137	10
7138	3
7139	3
7140	4
7141	1
7142	10
7143	1
7144	1
7145	6
7146	7
7147	7
7148	7
7149	4
7150	6
7151	10
7152	4
7153	3
7154	8
7155	4
7156	1
7157	3
7158	3
7159	8
7160	8
7161	7
7162	4
7163	3
7164	5
7165	11
7166	9
7167	5
7168	8
7169	1
7170	10
7171	21
7172	1
7173	3
7174	6
7175	12
7176	6
7177	1
7178	1
7179	6
7180	13
7181	3
7182	5
7183	3
7184	3
7185	1
7186	10
7187	7
7188	7
7189	6
7190	5
7191	4
7192	13
7193	1
7194	13
7195	12
7196	4
7197	6
7198	9
7199	4
7200	6
7201	8
7202	3
7203	8
7204	5
7205	12
7206	11
7207	3
7208	8
7209	3
7210	6
7211	5
7212	1
7213	12
7214	1
7215	6
7216	1
7217	10
7218	3
7219	3
7220	3
7221	3
7222	7
7223	1
7224	7
7225	1
7226	6
7227	8
7228	3
7229	12
7230	7
7231	7
7232	12
7233	12
7234	7
7235	1
7236	3
7237	4
7238	3
7239	6
7240	3
7241	4
7242	3
7243	3
7244	10
7245	8
7246	8
7247	3
7248	6
7249	3
7250	3
7251	18
7252	3
7253	1
7254	14
7255	4
7256	4
7257	7
7258	7
7259	5
7260	12
7261	9
7262	11
7263	3
7264	13
7265	3
7266	11
7267	1
7268	3
7269	1
7270	11
7271	6
7272	3
7273	10
7274	4
7275	10
7276	4
7277	8
7278	3
7279	6
7280	8
7281	1
7282	7
7283	6
7284	11
7285	17
7286	7
7287	16
7288	3
7289	3
7290	6
7291	3
7292	1
7293	1
7294	9
7295	3
7296	1
7297	14
7298	6
7299	12
7300	6
7301	3
7302	6
7303	8
7304	3
7305	3
7306	10
7307	3
7308	1
7309	1
7310	6
7311	1
7312	9
7313	7
7314	6
7315	3
7316	18
7317	12
7318	4
7319	12
7320	5
7321	1
7322	5
7323	1
7324	8
7325	12
7326	1
7327	6
7328	12
7329	12
7330	5
7331	1
7332	7
7333	3
7334	3
7335	3
7336	11
7337	6
7338	1
7339	9
7340	1
7341	7
7342	6
7343	8
7344	4
7345	9
7346	7
7347	10
7348	14
7349	8
7350	1
7351	11
7352	3
7353	1
7354	13
7355	6
7356	9
7357	10
7358	11
7359	7
7360	15
7361	12
7362	14
7363	6
7364	3
7365	8
7366	7
7367	4
7368	5
7369	9
7370	6
7371	10
7372	7
7373	15
7374	4
7375	3
7376	1
7377	5
7378	7
7379	6
7380	5
7381	3
7382	10
7383	10
7384	8
7385	9
7386	3
7387	6
7388	6
7389	3
7390	10
7391	3
7392	6
7393	6
7394	13
7395	1
7396	6
7397	4
7398	16
7399	1
7400	3
7401	6
7402	8
7403	3
7404	1
7405	5
7406	8
7407	3
7408	12
7409	3
7410	8
7411	12
7412	9
7413	6
7414	3
7415	5
7416	3
7417	3
7418	5
7419	4
7420	14
7421	1
7422	3
7423	11
7424	10
7425	1
7426	1
7427	8
7428	11
7429	3
7430	8
7431	14
7432	6
7433	7
7434	7
7435	1
7436	6
7437	7
7438	8
7439	5
7440	5
7441	4
7442	13
7443	9
7444	12
7445	7
7446	1
7447	1
7448	6
7449	1
7450	4
7451	9
7452	8
7453	3
7454	10
7455	14
7456	1
7457	4
7458	1
7459	3
7460	4
7461	1
7462	6
7463	4
7464	4
7465	9
7466	1
7467	1
7468	6
7469	13
7470	12
7471	7
7472	12
7473	1
7474	6
7475	1
7476	8
7477	1
7478	9
7479	5
7480	7
7481	15
7482	3
7483	1
7484	9
7485	7
7486	6
7487	5
7488	5
7489	1
7490	4
7491	4
7492	10
7493	6
7494	3
7495	14
7496	6
7497	11
7498	7
7499	5
7500	1
7501	7
7502	3
7503	5
7504	7
7505	6
7506	7
7507	4
7508	3
7509	11
7510	7
7511	7
7512	9
7513	4
7514	4
7515	8
7516	6
7517	6
7518	6
7519	8
7520	7
7521	5
7522	9
7523	9
7524	7
7525	16
7526	18
7527	1
7528	6
7529	1
7530	1
7531	3
7532	7
7533	6
7534	12
7535	8
7536	3
7537	9
7538	1
7539	1
7540	14
7541	3
7542	9
7543	1
7544	1
7545	6
7546	6
7547	8
7548	8
7549	3
7550	8
7551	5
7552	1
7553	1
7554	11
7555	5
7556	3
7557	1
7558	12
7559	1
7560	3
7561	11
7562	6
7563	13
7564	3
7565	3
7566	1
7567	1
7568	7
7569	12
7570	6
7571	12
7572	12
7573	3
7574	1
7575	11
7576	3
7577	3
7578	13
7579	10
7580	1
7581	3
7582	3
7583	3
7584	1
7585	6
7586	6
7587	7
7588	11
7589	14
7590	1
7591	9
7592	12
7593	9
7594	16
7595	1
7596	3
7597	7
7598	1
7599	3
7600	9
7601	16
7602	8
7603	1
7604	4
7605	7
7606	6
7607	3
7608	4
7609	3
7610	8
7611	9
7612	3
7613	6
7614	4
7615	1
7616	11
7617	1
7618	1
7619	11
7620	3
7621	9
7622	1
7623	3
7624	7
7625	1
7626	5
7627	1
7628	10
7629	4
7630	1
7631	13
7632	7
7633	7
7634	9
7635	6
7636	10
7637	5
7638	10
7639	10
7640	7
7641	6
7642	10
7643	10
7644	3
7645	1
7646	6
7647	4
7648	4
7649	1
7650	8
7651	8
7652	3
7653	3
7654	8
7655	6
7656	7
7657	4
7658	5
7659	11
7660	3
7661	15
7662	1
7663	1
7664	7
7665	11
7666	4
7667	1
7668	3
7669	7
7670	10
7671	9
7672	5
7673	13
7674	1
7675	10
7676	6
7677	3
7678	13
7679	9
7680	7
7681	3
7682	1
7683	1
7684	12
7685	3
7686	7
7687	6
7688	1
7689	3
7690	6
7691	8
7692	3
7693	1
7694	4
7695	9
7696	13
7697	8
7698	7
7699	4
7700	4
7701	1
7702	4
7703	6
7704	7
7705	1
7706	7
7707	3
7708	1
7709	3
7710	3
7711	4
7712	7
7713	3
7714	1
7715	6
7716	6
7717	8
7718	9
7719	12
7720	3
7721	6
7722	5
7723	13
7724	1
7725	8
7726	3
7727	11
7728	18
7729	10
7730	6
7731	4
7732	3
7733	4
7734	3
7735	3
7736	4
7737	1
7738	11
7739	3
7740	4
7741	7
7742	5
7743	11
7744	7
7745	10
7746	5
7747	9
7748	6
7749	9
7750	9
7751	8
7752	3
7753	6
7754	8
7755	5
7756	3
7757	5
7758	1
7759	6
7760	1
7761	7
7762	10
7763	18
7764	1
7765	14
7766	8
7767	1
7768	8
7769	3
7770	4
7771	12
7772	3
7773	11
7774	8
7775	8
7776	9
7777	8
7778	6
7779	15
7780	5
7781	4
7782	12
7783	1
7784	9
7785	5
7786	1
7787	1
7788	7
7789	8
7790	9
7791	12
7792	4
7793	5
7794	12
7795	1
7796	3
7797	4
7798	6
7799	10
7800	8
7801	5
7802	7
7803	12
7804	8
7805	11
7806	6
7807	10
7808	7
7809	14
7810	4
7811	1
7812	6
7813	4
7814	12
7815	9
7816	4
7817	4
7818	1
7819	4
7820	6
7821	3
7822	1
7823	12
7824	1
7825	1
7826	7
7827	1
7828	6
7829	7
7830	3
7831	5
7832	8
7833	3
7834	8
7835	8
7836	12
7837	3
7838	9
7839	4
7840	8
7841	6
7842	3
7843	1
7844	7
7845	1
7846	1
7847	3
7848	12
7849	6
7850	5
7851	3
7852	4
7853	10
7854	9
7855	3
7856	10
7857	3
7858	1
7859	5
7860	13
7861	15
7862	7
7863	5
7864	10
7865	4
7866	11
7867	3
7868	3
7869	1
7870	8
7871	14
7872	3
7873	8
7874	7
7875	8
7876	1
7877	6
7878	4
7879	11
7880	4
7881	5
7882	12
7883	12
7884	11
7885	8
7886	1
7887	3
7888	6
7889	1
7890	3
7891	7
7892	9
7893	8
7894	10
7895	1
7896	7
7897	15
7898	7
7899	3
7900	1
7901	1
7902	8
7903	7
7904	4
7905	1
7906	3
7907	6
7908	3
7909	10
7910	6
7911	1
7912	5
7913	1
7914	3
7915	1
7916	1
7917	1
7918	10
7919	6
7920	1
7921	3
7922	9
7923	6
7924	7
7925	3
7926	17
7927	6
7928	6
7929	1
7930	1
7931	4
7932	7
7933	11
7934	11
7935	15
7936	11
7937	4
7938	6
7939	6
7940	6
7941	3
7942	6
7943	6
7944	5
7945	1
7946	5
7947	5
7948	1
7949	4
7950	8
7951	1
7952	1
7953	3
7954	1
7955	1
7956	7
7957	3
7958	11
7959	16
7960	5
7961	3
7962	4
7963	8
7964	6
7965	6
7966	8
7967	1
7968	7
7969	7
7970	1
7971	11
7972	3
7973	7
7974	12
7975	8
7976	3
7977	5
7978	7
7979	15
7980	10
7981	9
7982	12
7983	3
7984	7
7985	9
7986	8
7987	11
7988	10
7989	1
7990	3
7991	4
7992	4
7993	8
7994	9
7995	6
7996	6
7997	9
7998	1
7999	14
8000	3
8001	1
8002	1
8003	7
8004	3
8005	1
8006	12
8007	10
8008	3
8009	4
8010	11
8011	1
8012	3
8013	7
8014	3
8015	6
8016	1
8017	4
8018	8
8019	10
8020	1
8021	11
8022	9
8023	1
8024	1
8025	10
8026	7
8027	7
8028	3
8029	7
8030	14
8031	8
8032	7
8033	6
8034	7
8035	13
8036	9
8037	7
8038	1
8039	7
8040	8
8041	11
8042	4
8043	6
8044	15
8045	11
8046	8
8047	7
8048	11
8049	12
8050	11
8051	3
8052	3
8053	1
8054	3
8055	4
8056	8
8057	6
8058	9
8059	7
8060	9
8061	4
8062	8
8063	5
8064	14
8065	6
8066	3
8067	5
8068	4
8069	12
8070	4
8071	1
8072	6
8073	13
8074	6
8075	3
8076	4
8077	12
8078	6
8079	3
8080	8
8081	3
8082	1
8083	11
8084	8
8085	11
8086	1
8087	3
8088	1
8089	10
8090	3
8091	5
8092	5
8093	3
8094	7
8095	1
8096	7
8097	16
8098	15
8099	10
8100	1
8101	1
8102	1
8103	1
8104	1
8105	7
8106	10
8107	1
8108	1
8109	6
8110	9
8111	1
8112	6
8113	1
8114	11
8115	1
8116	6
8117	11
8118	13
8119	7
8120	7
8121	8
8122	1
8123	3
8124	8
8125	6
8126	1
8127	19
8128	7
8129	7
8130	3
8131	16
8132	7
8133	13
8134	4
8135	1
8136	1
8137	12
8138	16
8139	12
8140	8
8141	6
8142	1
8143	5
8144	1
8145	16
8146	1
8147	7
8148	5
8149	1
8150	1
8151	1
8152	5
8153	9
8154	8
8155	1
8156	6
8157	8
8158	6
8159	8
8160	4
8161	1
8162	1
8163	4
8164	9
8165	9
8166	10
8167	8
8168	3
8169	1
8170	13
8171	3
8172	6
8173	8
8174	1
8175	16
8176	9
8177	11
8178	4
8179	3
8180	3
8181	7
8182	6
8183	8
8184	1
8185	7
8186	6
8187	5
8188	19
8189	6
8190	5
8191	3
8192	1
8193	3
8194	3
8195	4
8196	6
8197	1
8198	1
8199	1
8200	3
8201	6
8202	5
8203	12
8204	5
8205	1
8206	11
8207	1
8208	9
8209	12
8210	6
8211	3
8212	8
8213	3
8214	7
8215	6
8216	12
8217	3
8218	6
8219	7
8220	7
8221	8
8222	3
8223	3
8224	3
8225	4
8226	4
8227	10
8228	11
8229	6
8230	7
8231	3
8232	1
8233	9
8234	8
8235	5
8236	4
8237	3
8238	7
8239	10
8240	10
8241	8
8242	6
8243	8
8244	3
8245	7
8246	9
8247	3
8248	3
8249	1
8250	7
8251	3
8252	10
8253	3
8254	3
8255	7
8256	8
8257	1
8258	6
8259	6
8260	3
8261	3
8262	3
8263	1
8264	1
8265	3
8266	6
8267	7
8268	7
8269	7
8270	7
8271	3
8272	7
8273	1
8274	10
8275	9
8276	1
8277	9
8278	6
8279	7
8280	12
8281	11
8282	3
8283	3
8284	3
8285	5
8286	5
8287	8
8288	1
8289	6
8290	1
8291	7
8292	6
8293	11
8294	6
8295	3
8296	3
8297	12
8298	14
8299	7
8300	9
8301	7
8302	6
8303	6
8304	11
8305	1
8306	1
8307	3
8308	3
8309	4
8310	6
8311	8
8312	14
8313	8
8314	3
8315	4
8316	5
8317	8
8318	1
8319	1
8320	4
8321	3
8322	3
8323	11
8324	4
8325	12
8326	1
8327	7
8328	7
8329	5
8330	4
8331	6
8332	12
8333	1
8334	1
8335	8
8336	12
8337	6
8338	8
8339	6
8340	11
8341	6
8342	3
8343	6
8344	1
8345	7
8346	3
8347	10
8348	4
8349	3
8350	5
8351	8
8352	6
8353	10
8354	12
8355	5
8356	1
8357	5
8358	1
8359	1
8360	7
8361	8
8362	6
8363	1
8364	7
8365	1
8366	7
8367	12
8368	5
8369	6
8370	4
8371	3
8372	12
8373	7
8374	4
8375	6
8376	11
8377	5
8378	8
8379	11
8380	8
8381	7
8382	6
8383	7
8384	6
8385	12
8386	8
8387	8
8388	6
8389	5
8390	1
8391	4
8392	5
8393	8
8394	4
8395	8
8396	11
8397	8
8398	8
8399	3
8400	8
8401	13
8402	1
8403	1
8404	1
8405	4
8406	4
8407	6
8408	6
8409	4
8410	8
8411	1
8412	6
8413	10
8414	5
8415	3
8416	11
8417	12
8418	3
8419	9
8420	3
8421	17
8422	12
8423	7
8424	4
8425	1
8426	4
8427	8
8428	6
8429	1
8430	14
8431	1
8432	3
8433	4
8434	3
8435	6
8436	8
8437	8
8438	5
8439	6
8440	1
8441	4
8442	6
8443	5
8444	10
8445	5
8446	12
8447	7
8448	1
8449	1
8450	3
8451	4
8452	6
8453	1
8454	4
8455	8
8456	3
8457	21
8458	15
8459	9
8460	4
8461	7
8462	3
8463	3
8464	1
8465	4
8466	3
8467	6
8468	14
8469	3
8470	8
8471	8
8472	12
8473	1
8474	5
8475	8
8476	3
8477	5
8478	10
8479	1
8480	8
8481	1
8482	11
8483	6
8484	7
8485	3
8486	1
8487	3
8488	1
8489	3
8490	10
8491	4
8492	1
8493	8
8494	3
8495	5
8496	7
8497	4
8498	12
8499	12
8500	11
8501	10
8502	12
8503	16
8504	11
8505	7
8506	6
8507	11
8508	3
8509	3
8510	3
8511	9
8512	4
8513	4
8514	1
8515	5
8516	3
8517	12
8518	3
8519	5
8520	3
8521	6
8522	8
8523	1
8524	6
8525	6
8526	6
8527	12
8528	1
8529	7
8530	8
8531	4
8532	3
8533	7
8534	1
8535	3
8536	12
8537	3
8538	1
8539	5
8540	3
8541	16
8542	8
8543	4
8544	4
8545	5
8546	5
8547	3
8548	12
8549	11
8550	11
8551	13
8552	5
8553	1
8554	8
8555	11
8556	1
8557	8
8558	8
8559	10
8560	5
8561	6
8562	3
8563	12
8564	4
8565	1
8566	3
8567	3
8568	3
8569	3
8570	10
8571	11
8572	10
8573	7
8574	6
8575	3
8576	3
8577	8
8578	6
8579	6
8580	12
8581	7
8582	1
8583	3
8584	10
8585	6
8586	4
8587	10
8588	8
8589	12
8590	3
8591	3
8592	13
8593	9
8594	9
8595	5
8596	5
8597	7
8598	5
8599	5
8600	4
8601	3
8602	7
8603	1
8604	1
8605	6
8606	3
8607	6
8608	4
8609	7
8610	1
8611	9
8612	3
8613	10
8614	1
8615	5
8616	5
8617	12
8618	6
8619	6
8620	7
8621	6
8622	5
8623	12
8624	4
8625	4
8626	9
8627	7
8628	3
8629	9
8630	11
8631	6
8632	11
8633	6
8634	19
8635	4
8636	13
8637	8
8638	8
8639	13
8640	1
8641	6
8642	7
8643	3
8644	5
8645	3
8646	3
8647	13
8648	7
8649	12
8650	3
8651	4
8652	8
8653	1
8654	3
8655	5
8656	3
8657	1
8658	3
8659	5
8660	1
8661	5
8662	1
8663	6
8664	7
8665	12
8666	1
8667	6
8668	6
8669	3
8670	7
8671	11
8672	3
8673	6
8674	9
8675	9
8676	3
8677	6
8678	9
8679	12
8680	15
8681	7
8682	9
8683	4
8684	3
8685	1
8686	1
8687	3
8688	6
8689	12
8690	6
8691	7
8692	4
8693	12
8694	6
8695	16
8696	3
8697	12
8698	10
8699	5
8700	1
8701	1
8702	9
8703	6
8704	8
8705	1
8706	1
8707	4
8708	9
8709	9
8710	1
8711	14
8712	8
8713	14
8714	7
8715	11
8716	1
8717	3
8718	8
8719	3
8720	6
8721	8
8722	3
8723	6
8724	7
8725	10
8726	5
8727	3
8728	14
8729	6
8730	3
8731	6
8732	5
8733	3
8734	11
8735	1
8736	8
8737	7
8738	5
8739	13
8740	3
8741	7
8742	8
8743	10
8744	4
8745	15
8746	19
8747	1
8748	9
8749	3
8750	10
8751	8
8752	3
8753	9
8754	7
8755	6
8756	8
8757	6
8758	3
8759	1
8760	3
8761	6
8762	6
8763	1
8764	9
8765	6
8766	6
8767	10
8768	3
8769	8
8770	1
8771	6
8772	12
8773	8
8774	12
8775	8
8776	3
8777	4
8778	7
8779	5
8780	6
8781	3
8782	7
8783	3
8784	6
8785	11
8786	8
8787	10
8788	4
8789	5
8790	10
8791	6
8792	8
8793	3
8794	5
8795	8
8796	1
8797	3
8798	1
8799	4
8800	4
8801	3
8802	5
8803	6
8804	3
8805	3
8806	10
8807	3
8808	7
8809	11
8810	6
8811	8
8812	1
8813	3
8814	1
8815	6
8816	6
8817	13
8818	10
8819	6
8820	13
8821	12
8822	8
8823	6
8824	4
8825	3
8826	12
8827	8
8828	3
8829	3
8830	1
8831	5
8832	5
8833	1
8834	3
8835	5
8836	8
8837	1
8838	3
8839	12
8840	12
8841	4
8842	11
8843	6
8844	7
8845	9
8846	18
8847	3
8848	5
8849	10
8850	9
8851	7
8852	1
8853	5
8854	8
8855	6
8856	3
8857	8
8858	1
8859	7
8860	5
8861	3
8862	10
8863	17
8864	1
8865	7
8866	5
8867	5
8868	6
8869	8
8870	11
8871	1
8872	1
8873	4
8874	3
8875	3
8876	10
8877	12
8878	7
8879	1
8880	21
8881	6
8882	10
8883	4
8884	5
8885	1
8886	6
8887	10
8888	3
8889	12
8890	4
8891	4
8892	1
8893	3
8894	4
8895	10
8896	1
8897	8
8898	1
8899	1
8900	1
8901	3
8902	8
8903	10
8904	9
8905	9
8906	1
8907	7
8908	5
8909	10
8910	9
8911	7
8912	11
8913	6
8914	3
8915	3
8916	13
8917	16
8918	15
8919	1
8920	1
8921	8
8922	8
8923	6
8924	3
8925	1
8926	1
8927	4
8928	4
8929	4
8930	10
8931	8
8932	3
8933	3
8934	3
8935	4
8936	3
8937	1
8938	10
8939	1
8940	12
8941	1
8942	7
8943	16
8944	3
8945	6
8946	4
8947	8
8948	1
8949	4
8950	1
8951	9
8952	3
8953	6
8954	12
8955	1
8956	3
8957	5
8958	5
8959	15
8960	4
8961	12
8962	4
8963	4
8964	6
8965	5
8966	4
8967	1
8968	3
8969	4
8970	7
8971	10
8972	4
8973	12
8974	4
8975	1
8976	1
8977	7
8978	1
8979	10
8980	6
8981	3
8982	6
8983	5
8984	1
8985	8
8986	6
8987	6
8988	1
8989	11
8990	3
8991	6
8992	3
8993	10
8994	3
8995	3
8996	3
8997	6
8998	1
8999	6
9000	3
9001	8
9002	8
9003	8
9004	4
9005	3
9006	1
9007	9
9008	5
9009	3
9010	1
9011	1
9012	16
9013	4
9014	6
9015	10
9016	7
9017	5
9018	6
9019	5
9020	1
9021	6
9022	8
9023	10
9024	3
9025	6
9026	6
9027	7
9028	5
9029	4
9030	7
9031	9
9032	4
9033	1
9034	6
9035	1
9036	10
9037	1
9038	10
9039	4
9040	6
9041	1
9042	4
9043	3
9044	3
9045	3
9046	3
9047	8
9048	1
9049	1
9050	3
9051	1
9052	7
9053	11
9054	3
9055	6
9056	4
9057	10
9058	10
9059	6
9060	3
9061	3
9062	6
9063	7
9064	6
9065	1
9066	8
9067	6
9068	1
9069	1
9070	3
9071	4
9072	6
9073	3
9074	14
9075	7
9076	9
9077	12
9078	5
9079	17
9080	4
9081	3
9082	5
9083	5
9084	1
9085	6
9086	12
9087	3
9088	7
9089	7
9090	8
9091	3
9092	1
9093	4
9094	6
9095	3
9096	11
9097	3
9098	1
9099	4
9100	6
9101	10
9102	10
9103	10
9104	3
9105	1
9106	4
9107	10
9108	1
9109	7
9110	10
9111	7
9112	13
9113	9
9114	12
9115	15
9116	16
9117	6
9118	4
9119	11
9120	7
9121	5
9122	3
9123	1
9124	1
9125	3
9126	6
9127	9
9128	6
9129	6
9130	1
9131	6
9132	6
9133	4
9134	9
9135	1
9136	7
9137	4
9138	1
9139	9
9140	7
9141	3
9142	7
9143	3
9144	1
9145	5
9146	9
9147	6
9148	3
9149	10
9150	8
9151	3
9152	3
9153	8
9154	7
9155	8
9156	3
9157	6
9158	1
9159	6
9160	6
9161	3
9162	1
9163	10
9164	6
9165	8
9166	10
9167	3
9168	1
9169	14
9170	3
9171	11
9172	8
9173	12
9174	10
9175	7
9176	4
9177	3
9178	8
9179	6
9180	9
9181	10
9182	15
9183	6
9184	12
9185	1
9186	3
9187	6
9188	4
9189	10
9190	8
9191	1
9192	8
9193	9
9194	8
9195	11
9196	7
9197	4
9198	3
9199	21
9200	13
9201	6
9202	12
9203	3
9204	1
9205	7
9206	1
9207	7
9208	1
9209	11
9210	6
9211	9
9212	3
9213	8
9214	1
9215	13
9216	7
9217	5
9218	10
9219	9
9220	3
9221	8
9222	6
9223	5
9224	1
9225	6
9226	12
9227	1
9228	7
9229	11
9230	3
9231	1
9232	8
9233	12
9234	1
9235	1
9236	1
9237	5
9238	9
9239	5
9240	10
9241	7
9242	8
9243	3
9244	6
9245	12
9246	1
9247	3
9248	3
9249	10
9250	9
9251	4
9252	10
9253	1
9254	3
9255	9
9256	14
9257	7
9258	3
9259	9
9260	4
9261	9
9262	5
9263	7
9264	8
9265	3
9266	3
9267	7
9268	11
9269	13
9270	1
9271	10
9272	4
9273	14
9274	10
9275	12
9276	13
9277	4
9278	15
9279	6
9280	6
9281	6
9282	8
9283	6
9284	6
9285	5
9286	3
9287	8
9288	6
9289	7
9290	5
9291	8
9292	6
9293	3
9294	4
9295	7
9296	8
9297	6
9298	3
9299	10
9300	9
9301	3
9302	10
9303	9
9304	6
9305	6
9306	6
9307	11
9308	1
9309	1
9310	1
9311	8
9312	7
9313	12
9314	11
9315	3
9316	6
9317	8
9318	4
9319	1
9320	3
9321	3
9322	9
9323	7
9324	6
9325	6
9326	4
9327	3
9328	13
9329	4
9330	7
9331	8
9332	3
9333	6
9334	17
9335	7
9336	1
9337	1
9338	3
9339	1
9340	10
9341	6
9342	3
9343	13
9344	10
9345	8
9346	3
9347	6
9348	9
9349	3
9350	3
9351	4
9352	9
9353	15
9354	5
9355	6
9356	9
9357	1
9358	6
9359	12
9360	7
9361	15
9362	16
9363	12
9364	6
9365	7
9366	4
9367	4
9368	3
9369	1
9370	7
9371	7
9372	6
9373	6
9374	6
9375	6
9376	5
9377	7
9378	10
9379	1
9380	6
9381	3
9382	11
9383	4
9384	7
9385	9
9386	11
9387	6
9388	12
9389	6
9390	3
9391	15
9392	8
9393	4
9394	6
9395	4
9396	6
9397	4
9398	8
9399	9
9400	12
9401	9
9402	9
9403	10
9404	5
9405	1
9406	7
9407	6
9408	5
9409	8
9410	9
9411	4
9412	3
9413	3
9414	5
9415	7
9416	3
9417	6
9418	8
9419	16
9420	7
9421	10
9422	3
9423	4
9424	17
9425	1
9426	1
9427	6
9428	6
9429	7
9430	3
9431	1
9432	7
9433	8
9434	1
9435	5
9436	7
9437	3
9438	1
9439	14
9440	8
9441	8
9442	11
9443	7
9444	3
9445	3
9446	7
9447	9
9448	10
9449	6
9450	6
9451	10
9452	4
9453	1
9454	12
9455	11
9456	9
9457	6
9458	5
9459	8
9460	7
9461	14
9462	7
9463	8
9464	4
9465	6
9466	9
9467	12
9468	3
9469	8
9470	11
9471	10
9472	7
9473	10
9474	3
9475	1
9476	7
9477	12
9478	7
9479	3
9480	3
9481	1
9482	1
9483	5
9484	3
9485	4
9486	8
9487	4
9488	4
9489	3
9490	3
9491	4
9492	1
9493	10
9494	3
9495	4
9496	13
9497	6
9498	5
9499	5
9500	11
9501	1
9502	12
9503	1
9504	3
9505	8
9506	3
9507	5
9508	4
9509	6
9510	11
9511	12
9512	13
9513	3
9514	7
9515	1
9516	1
9517	9
9518	10
9519	8
9520	8
9521	8
9522	4
9523	3
9524	3
9525	1
9526	1
9527	10
9528	1
9529	5
9530	3
9531	6
9532	6
9533	3
9534	11
9535	7
9536	8
9537	7
9538	10
9539	8
9540	3
9541	4
9542	10
9543	9
9544	3
9545	8
9546	3
9547	7
9548	16
9549	4
9550	3
9551	4
9552	4
9553	14
9554	6
9555	8
9556	13
9557	1
9558	1
9559	8
9560	1
9561	6
9562	13
9563	3
9564	5
9565	4
9566	1
9567	1
9568	6
9569	4
9570	1
9571	3
9572	6
9573	7
9574	12
9575	6
9576	3
9577	3
9578	9
9579	13
9580	4
9581	5
9582	3
9583	1
9584	9
9585	6
9586	5
9587	13
9588	8
9589	11
9590	9
9591	4
9592	3
9593	1
9594	7
9595	6
9596	4
9597	4
9598	3
9599	8
9600	8
9601	3
9602	3
9603	8
9604	4
9605	6
9606	10
9607	8
9608	1
9609	10
9610	4
9611	7
9612	1
9613	7
9614	11
9615	7
9616	7
9617	9
9618	7
9619	7
9620	4
9621	6
9622	5
9623	1
9624	16
9625	7
9626	6
9627	7
9628	4
9629	6
9630	1
9631	9
9632	10
9633	7
9634	11
9635	8
9636	7
9637	3
9638	1
9639	6
9640	9
9641	5
9642	15
9643	3
9644	15
9645	3
9646	5
9647	13
9648	11
9649	6
9650	3
9651	1
9652	6
9653	7
9654	3
9655	3
9656	3
9657	8
9658	6
9659	3
9660	1
9661	5
9662	4
9663	17
9664	6
9665	3
9666	9
9667	6
9668	8
9669	3
9670	10
9671	3
9672	12
9673	3
9674	6
9675	3
9676	6
9677	7
9678	9
9679	15
9680	6
9681	6
9682	4
9683	3
9684	5
9685	3
9686	16
9687	14
9688	3
9689	1
9690	1
9691	4
9692	5
9693	3
9694	9
9695	1
9696	3
9697	8
9698	6
9699	4
9700	5
9701	5
9702	8
9703	4
9704	7
9705	10
9706	4
9707	6
9708	7
9709	7
9710	3
9711	1
9712	3
9713	6
9714	1
9715	15
9716	3
9717	6
9718	6
9719	11
9720	5
9721	14
9722	3
9723	1
9724	9
9725	3
9726	9
9727	3
9728	13
9729	10
9730	12
9731	10
9732	6
9733	7
9734	3
9735	3
9736	7
9737	11
9738	3
9739	7
9740	11
9741	3
9742	1
9743	4
9744	7
9745	12
9746	1
9747	7
9748	11
9749	8
9750	3
9751	6
9752	7
9753	4
9754	3
9755	6
9756	9
9757	12
9758	3
9759	1
9760	8
9761	3
9762	3
9763	8
9764	4
9765	6
9766	4
9767	6
9768	6
9769	3
9770	5
9771	6
9772	6
9773	3
9774	3
9775	10
9776	9
9777	6
9778	8
9779	4
9780	8
9781	6
9782	6
9783	1
9784	1
9785	9
9786	1
9787	4
9788	4
9789	6
9790	4
9791	7
9792	10
9793	6
9794	4
9795	6
9796	1
9797	12
9798	1
9799	12
9800	13
9801	6
9802	9
9803	8
9804	4
9805	3
9806	8
9807	1
9808	11
9809	3
9810	6
9811	3
9812	1
9813	7
9814	1
9815	6
9816	8
9817	1
9818	3
9819	11
9820	6
9821	10
9822	3
9823	10
9824	1
9825	10
9826	10
9827	1
9828	3
9829	3
9830	3
9831	11
9832	8
9833	6
9834	11
9835	9
9836	8
9837	12
9838	3
9839	1
9840	13
9841	6
9842	3
9843	8
9844	10
9845	19
9846	1
9847	9
9848	3
9849	3
9850	6
9851	4
9852	11
9853	7
9854	4
9855	1
9856	17
9857	7
9858	7
9859	4
9860	3
9861	6
9862	1
9863	8
9864	1
9865	1
9866	10
9867	12
9868	1
9869	6
9870	5
9871	4
9872	7
9873	3
9874	3
9875	6
9876	6
9877	9
9878	6
9879	3
9880	3
9881	12
9882	1
9883	1
9884	7
9885	3
9886	15
9887	12
9888	9
9889	3
9890	6
9891	3
9892	4
9893	3
9894	3
9895	1
9896	1
9897	9
9898	13
9899	11
9900	3
9901	3
9902	7
9903	3
9904	3
9905	9
9906	10
9907	3
9908	7
9909	7
9910	3
9911	9
9912	1
9913	3
9914	4
9915	8
9916	1
9917	3
9918	11
9919	7
9920	5
9921	3
9922	6
9923	3
9924	1
9925	10
9926	6
9927	8
9928	5
9929	8
9930	6
9931	1
9932	1
9933	11
9934	9
9935	6
9936	8
9937	1
9938	7
9939	3
9940	16
9941	3
9942	9
9943	8
9944	1
9945	15
9946	3
9947	3
9948	1
9949	6
9950	1
9951	12
9952	1
9953	1
9954	9
9955	10
9956	1
9957	1
9958	12
9959	11
9960	3
9961	4
9962	1
9963	1
9964	8
9965	12
9966	1
9967	3
9968	3
9969	14
9970	4
9971	6
9972	9
9973	1
9974	1
9975	5
9976	12
9977	11
9978	7
9979	1
9980	10
9981	3
9982	6
9983	10
9984	1
9985	5
9986	1
9987	13
9988	8
9989	3
9990	14
9991	6
9992	1
9993	1
9994	7
9995	6
9996	8
9997	9
9998	11
9999	3
10000	3
